modelo,condicao,variacao,indice,arquivo,texto_original,texto_transcrito,duracao_s,lev_dist,lev_sim,mosanet_mos,nisqa_overall,nisqa_noisiness,nisqa_discontinuity,nisqa_coloration,nisqa_loudness,dns_sig,dns_bak,dns_ovrl,mos_principal,mos_principal_fonte,status,erro
fishspeech,original,v1,1,fishspeech\outputs_final_experiment\original\v1\001.wav,Hoje o trânsito estava tranquilo.,"Por isso, o sacan congregashi...",4.644,26,0.1875,,3.5619,3.2659,4.3659,3.4119,3.9547,3.4778,3.4288,3.7445,3.5619,nisqa_overall,ok,
fishspeech,original,v1,6,fishspeech\outputs_final_experiment\original\v1\006.wav,A previsão indica possibilidade de chuva forte entre o final da tarde e o início da noite.,A previsão indica possibilidade de chuva forte entre o final da tarde e o início da noite.,7.105,0,1.0,,4.1328,3.6093,4.4519,3.9256,4.3808,3.624,3.7511,4.2303,4.1328,nisqa_overall,ok,
fishspeech,original,v1,11,fishspeech\outputs_final_experiment\original\v1\011.wav,Ainda não recebi a confirmação da inscrição.,E... Me... Me... Decebia a confirmação da inscrição...,6.78,10,0.7674,,4.0288,3.6757,4.2927,3.6475,4.0761,3.9247,3.5031,4.0131,4.0288,nisqa_overall,ok,
fishspeech,original,v1,16,fishspeech\outputs_final_experiment\original\v1\016.wav,Meu avô sempre contava histórias interessantes sobre a época em que morava no sertão.,Meu avô sempre contava histórias interessantes sobre a época em que morava no Siftão.,5.851,2,0.9762,,4.0481,3.7277,4.4478,3.885,4.2185,3.8838,3.4754,3.2765,4.0481,nisqa_overall,ok,
fishspeech,original,v1,21,fishspeech\outputs_final_experiment\original\v1\021.wav,O professor pediu que os alunos entregassem os trabalhos até a próxima semana.,"Pronto, perdi o meu que eu fiz. Perdi o meu... Perdi o meu... Perdi o meu que eu fiz.",8.684,62,0.1948,,3.8239,4.12,4.1624,3.2594,3.7835,3.9876,3.4505,4.0694,3.8239,nisqa_overall,ok,
fishspeech,original,v1,26,fishspeech\outputs_final_experiment\original\v1\026.wav,Você sabe onde fica a biblioteca central?,strictly,2.926,36,0.1,,4.5148,4.3217,4.6445,4.3568,4.4926,4.1581,3.7569,4.2286,4.5148,nisqa_overall,ok,
fishspeech,original,v1,31,fishspeech\outputs_final_experiment\original\v1\031.wav,O grupo decidiu antecipar a saída.,O grupo decidiu... ...anticipar a saída.,4.226,1,0.9697,,4.2721,3.4304,4.5118,4.1813,4.2033,3.851,3.6014,4.1859,4.2721,nisqa_overall,ok,
fishspeech,original,v1,36,fishspeech\outputs_final_experiment\original\v1\036.wav,A praia estava praticamente vazia naquela manhã de terça-feira.,A praia estava praticamente vazia naquela manhã de terça-feira.,8.777,0,1.0,,3.6618,3.7185,4.1209,3.8952,2.5632,3.532,3.5631,4.0587,3.6618,nisqa_overall,ok,
fishspeech,original,v1,41,fishspeech\outputs_final_experiment\original\v1\041.wav,O elevador parou no décimo segundo andar.,"com o elevador parando o décimo, o segundo andar.",3.019,11,0.766,,2.5243,2.347,4.115,2.5855,2.8398,2.7914,3.5858,3.1114,2.5243,nisqa_overall,ok,
fishspeech,original,v1,46,fishspeech\outputs_final_experiment\original\v1\046.wav,O motorista precisou escolher uma rota alternativa para evitar um grande congestionamento.,O motorista precisou escolher uma rota alternativa para evitar um grande congestionamento.,6.78,0,1.0,,3.1751,2.0844,4.2247,3.5545,3.8036,3.2031,3.1878,2.4105,3.1751,nisqa_overall,ok,
fishspeech,original,v1,51,fishspeech\outputs_final_experiment\original\v1\051.wav,O sistema voltou a funcionar normalmente.,O sistema voltou a funcionar normalmente.,5.201,0,1.0,,4.2617,3.7092,4.3692,4.0508,4.364,3.7551,3.5291,3.9833,4.2617,nisqa_overall,ok,
fishspeech,original,v1,56,fishspeech\outputs_final_experiment\original\v1\056.wav,Na semana passada houve uma queda de energia que afetou vários bairros da cidade.,,29.675,80,0.0,,4.3141,4.0359,4.2468,4.2273,4.0969,3.944,3.4205,4.1206,4.3141,nisqa_overall,ok,
fishspeech,original,v1,61,fishspeech\outputs_final_experiment\original\v1\061.wav,A reunião começou às nove horas.,Eu espero que a grande luz que equatoriaортie<|ur|>,4.83,39,0.1875,,1.8978,1.9752,4.19,2.6885,2.6396,2.6347,3.3396,3.0251,1.8978,nisqa_overall,ok,
fishspeech,original,v1,66,fishspeech\outputs_final_experiment\original\v1\066.wav,O atendimento foi rápido.,O atendimento foi rápido.,1.718,0,1.0,,2.305,1.6797,4.0693,3.0934,3.3641,2.8262,3.4042,1.813,2.305,nisqa_overall,ok,
fishspeech,original,v1,71,fishspeech\outputs_final_experiment\original\v1\071.wav,O médico chegou pontualmente.,O mérito segue pontualmente.,2.461,6,0.7857,,3.762,3.6423,3.8656,3.7134,4.0938,3.8258,3.4552,3.6646,3.762,nisqa_overall,ok,
fishspeech,original,v1,76,fishspeech\outputs_final_experiment\original\v1\076.wav,A professora respondeu às dúvidas dos alunos antes do encerramento da aula.,"A soldada perfeita, foda, responde, responde, pois sabe, responde, tu já, tu se rouba, tu se rouba, tu se rouba, tu se rouba.",27.446,76,0.3333,,4.2066,4.286,4.4747,4.1694,4.2804,4.0042,3.3314,4.0749,4.2066,nisqa_overall,ok,
fishspeech,original,v1,81,fishspeech\outputs_final_experiment\original\v1\081.wav,Hoje foi um dia tranquilo.,o seu head e jest interconnected.,2.276,25,0.2188,,3.2241,3.0011,3.7752,2.7066,3.1989,3.6176,3.5964,4.0251,3.2241,nisqa_overall,ok,
fishspeech,original,v1,86,fishspeech\outputs_final_experiment\original\v1\086.wav,"Enquanto caminhava pela orla, observei crianças brincando e pessoas praticando esportes.","Enquanto caminhava pela hora laboserevei, crianças brincando e pessoas praticando esportes.",7.198,6,0.9326,,3.8288,3.9081,4.2498,3.684,3.8612,3.7413,3.4191,4.0242,3.8288,nisqa_overall,ok,
fishspeech,original,v1,91,fishspeech\outputs_final_experiment\original\v1\091.wav,A entrega foi realizada com sucesso.,A entrega foi realizada com sucesso.,3.483,0,1.0,,3.2031,2.6434,3.9444,3.6818,3.566,2.8948,3.5366,3.3264,3.2031,nisqa_overall,ok,
fishspeech,original,v1,96,fishspeech\outputs_final_experiment\original\v1\096.wav,O parque abriu normalmente.,O parque abriu normalmente.,2.415,0,1.0,,4.084,2.498,4.3524,3.9962,4.4191,2.8615,3.2883,2.95,4.084,nisqa_overall,ok,
fishspeech,original,v2,1,fishspeech\outputs_final_experiment\original\v2\001.wav,Hoje o trânsito estava tranquilo.,Hoje o trânsito estava tranquilo,4.365,0,1.0,,3.9667,3.012,4.3711,3.6852,4.2332,3.1285,3.4238,2.3368,3.9667,nisqa_overall,ok,
fishspeech,original,v2,6,fishspeech\outputs_final_experiment\original\v2\006.wav,A previsão indica possibilidade de chuva forte entre o final da tarde e o início da noite.,"Nintendo,auxitewu threatens ops 아르",11.424,72,0.191,,4.0658,3.7458,4.3515,3.952,4.2674,3.5947,3.2573,3.62,4.0658,nisqa_overall,ok,
fishspeech,original,v2,11,fishspeech\outputs_final_experiment\original\v2\011.wav,Ainda não recebi a confirmação da inscrição.,E ainda não recebi a confirmação da inscrição,4.644,2,0.9556,,3.3597,3.125,3.9113,2.9757,3.8741,3.7828,3.6121,3.6417,3.3597,nisqa_overall,ok,
fishspeech,original,v2,16,fishspeech\outputs_final_experiment\original\v2\016.wav,Meu avô sempre contava histórias interessantes sobre a época em que morava no sertão.,Meu avô sempre contava histórias interessantes sobre a época em que morava no sertão.,9.567,0,1.0,,3.929,3.8845,4.3814,3.8072,4.2019,3.8578,3.5831,4.0861,3.929,nisqa_overall,ok,
fishspeech,original,v2,21,fishspeech\outputs_final_experiment\original\v2\021.wav,O professor pediu que os alunos entregassem os trabalhos até a próxima semana.,év wait a isso é cheir porque,6.223,64,0.1688,,4.4686,4.2819,4.6172,4.2728,4.446,3.912,3.5656,4.1455,4.4686,nisqa_overall,ok,
fishspeech,original,v2,26,fishspeech\outputs_final_experiment\original\v2\026.wav,Você sabe onde fica a biblioteca central?,Sunday Schoolhai,5.155,33,0.175,,4.534,4.4421,4.7528,4.2452,4.4524,4.0995,3.5097,4.0198,4.534,nisqa_overall,ok,
fishspeech,original,v2,31,fishspeech\outputs_final_experiment\original\v2\031.wav,O grupo decidiu antecipar a saída.,"Eu clinics Eu βejo Eu pio Estava Que antes não saía Eu Enquanta E Nheu, euano, nheu. Nheu, euano, nheu. Euano, euano, nheu. Nheu, euano, nheu. Nheu, euano, nheu. Nheu, euano, nheu. Nheu, euano, nheu. Nheu, euano, nheu. Nheu, euano, nheu. Nheu, euano, nheu. Nheu, euano, nheu. Nheu, euano, nheu. Nheu, euano, nheu. Nheu, euano, nheu. Nheu, euano, nheu. Nheu, euano, nheu. Nheu, euano, nheu. Nheu, euano, nheu.",362.649,336,0.0508,,3.9889,3.4299,4.1165,4.0757,3.3525,3.1574,3.3401,4.0502,3.9889,nisqa_overall,ok,
fishspeech,original,v2,36,fishspeech\outputs_final_experiment\original\v2\036.wav,A praia estava praticamente vazia naquela manhã de terça-feira.,A praia estava praticamente vazia naquela manhã de terça-feira.,9.66,0,1.0,,3.5982,3.377,4.3768,3.8816,2.6197,3.7719,3.6624,4.2027,3.5982,nisqa_overall,ok,
fishspeech,original,v2,41,fishspeech\outputs_final_experiment\original\v2\041.wav,O elevador parou no décimo segundo andar.,"Com ele vagou hardcore, para 1 de",3.483,26,0.35,,3.6021,2.051,4.6334,3.8171,4.1938,3.1776,3.4936,3.1457,3.6021,nisqa_overall,ok,
fishspeech,original,v2,46,fishspeech\outputs_final_experiment\original\v2\046.wav,O motorista precisou escolher uma rota alternativa para evitar um grande congestionamento.,Nós temos um nosso conhecimento. Wirthy T sideways tienen 2 séries na n doubt.,19.969,68,0.236,,2.5735,1.8626,4.3509,3.2328,3.4074,2.8304,3.4395,3.3311,2.5735,nisqa_overall,ok,
fishspeech,original,v2,51,fishspeech\outputs_final_experiment\original\v2\051.wav,O sistema voltou a funcionar normalmente.,O sistema voltou a funcionar normalmente.,3.762,0,1.0,,4.0975,3.2931,4.3154,3.9992,4.3326,3.3034,3.681,4.0923,4.0975,nisqa_overall,ok,
fishspeech,original,v2,56,fishspeech\outputs_final_experiment\original\v2\056.wav,Na semana passada houve uma queda de energia que afetou vários bairros da cidade.,Na semana passada houve uma queda de energia que afetou vários bairros da cidade.,6.037,0,1.0,,4.1632,3.6522,4.4145,4.1813,4.3559,3.9733,3.7236,4.1578,4.1632,nisqa_overall,ok,
fishspeech,original,v2,61,fishspeech\outputs_final_experiment\original\v2\061.wav,A reunião começou às nove horas.,Não é? Não mora.,4.226,21,0.3226,,1.8556,1.8172,3.983,3.5323,3.2574,2.6655,3.214,2.5214,1.8556,nisqa_overall,ok,
fishspeech,original,v2,66,fishspeech\outputs_final_experiment\original\v2\066.wav,O atendimento foi rápido.,O atendimento foi rápido.,3.901,0,1.0,,1.7532,1.8167,4.0504,2.334,2.5163,2.6367,3.3081,2.7903,1.7532,nisqa_overall,ok,
fishspeech,original,v2,71,fishspeech\outputs_final_experiment\original\v2\071.wav,O médico chegou pontualmente.,O médico chegou pontualmente.,2.043,0,1.0,,4.2033,3.9152,4.5035,4.1178,4.4664,3.5248,3.3606,3.5092,4.2033,nisqa_overall,ok,
fishspeech,original,v2,76,fishspeech\outputs_final_experiment\original\v2\076.wav,A professora respondeu às dúvidas dos alunos antes do encerramento da aula.,A professora respondeu às dúvidas dos alunos antes do encerramento da aula.,7.012,0,1.0,,3.7948,3.8833,4.387,3.9119,3.9818,3.9932,3.5511,4.0531,3.7948,nisqa_overall,ok,
fishspeech,original,v2,81,fishspeech\outputs_final_experiment\original\v2\081.wav,Hoje foi um dia tranquilo.,Aqui! O de eu... Oso... Oso... Oso... Oso...,7.523,23,0.1786,,3.8772,2.5235,4.508,4.0801,3.5959,3.611,3.4986,3.3749,3.8772,nisqa_overall,ok,
fishspeech,original,v2,86,fishspeech\outputs_final_experiment\original\v2\086.wav,"Enquanto caminhava pela orla, observei crianças brincando e pessoas praticando esportes.","A quanto caneava pela hora, observou crianças brincando e pessoas praticando esportes.",5.805,9,0.8953,,3.8741,3.7279,4.3353,3.905,3.4571,3.7423,3.5892,3.9894,3.8741,nisqa_overall,ok,
fishspeech,original,v2,91,fishspeech\outputs_final_experiment\original\v2\091.wav,A entrega foi realizada com sucesso.,A entrega foi realizada com sucesso.,8.081,0,1.0,,3.8322,2.7481,4.3874,4.1446,4.1265,2.5205,3.515,3.9936,3.8322,nisqa_overall,ok,
fishspeech,original,v2,96,fishspeech\outputs_final_experiment\original\v2\096.wav,O parque abriu normalmente.,O parque abriu normalmente...,5.294,0,1.0,,3.2369,2.5122,3.9959,3.3949,3.564,2.891,3.6161,3.9077,3.2369,nisqa_overall,ok,
fishspeech,original,v3,1,fishspeech\outputs_final_experiment\original\v3\001.wav,Hoje o trânsito estava tranquilo.,apart political classify.,3.204,25,0.2188,,3.5545,3.0398,4.1035,3.5163,4.1261,3.5144,3.263,3.3086,3.5545,nisqa_overall,ok,
fishspeech,original,v3,6,fishspeech\outputs_final_experiment\original\v3\006.wav,A previsão indica possibilidade de chuva forte entre o final da tarde e o início da noite.,A previsão indica possibilidade de chuva forte entre final da tarde e início da noite.,8.452,4,0.9551,,4.0593,3.0442,4.3876,3.8538,4.3292,3.7376,3.5998,4.102,4.0593,nisqa_overall,ok,
fishspeech,original,v3,11,fishspeech\outputs_final_experiment\original\v3\011.wav,Ainda não recebi a confirmação da inscrição.,ainda não recebi a confirmação da inscrição.,5.016,0,1.0,,4.1986,3.9971,4.4225,3.9224,4.4091,3.855,3.7541,4.2507,4.1986,nisqa_overall,ok,
fishspeech,original,v3,16,fishspeech\outputs_final_experiment\original\v3\016.wav,Meu avô sempre contava histórias interessantes sobre a época em que morava no sertão.,Meu avô sempre contava histórias interessantes sobre a época em que morava no sertão.,15.279,0,1.0,,4.2655,3.8529,4.324,4.1055,4.2973,4.0537,3.6066,4.1449,4.2655,nisqa_overall,ok,
fishspeech,original,v3,21,fishspeech\outputs_final_experiment\original\v3\021.wav,O professor pediu que os alunos entregassem os trabalhos até a próxima semana.,"Mas ele podeu que o exerdono se entregará, não entregará, para que trabalhe até a próxima semana.",12.864,46,0.5106,,4.1926,4.2071,4.4648,4.1093,4.2222,3.9592,3.6015,4.1473,4.1926,nisqa_overall,ok,
fishspeech,original,v3,26,fishspeech\outputs_final_experiment\original\v3\026.wav,Você sabe onde fica a biblioteca central?,"e se derrubar, se derrubar, se derrubar.",4.226,32,0.2,,3.8826,4.2283,4.465,3.5761,3.6617,3.8685,3.4463,3.9723,3.8826,nisqa_overall,ok,
fishspeech,original,v3,31,fishspeech\outputs_final_experiment\original\v3\031.wav,O grupo decidiu antecipar a saída.,O grupo se viu antecipar saída.,3.39,6,0.8182,,3.804,3.9361,4.2474,3.8269,3.2971,3.3867,3.3606,3.95,3.804,nisqa_overall,ok,
fishspeech,original,v3,36,fishspeech\outputs_final_experiment\original\v3\036.wav,A praia estava praticamente vazia naquela manhã de terça-feira.,A prata está praticamente vazia naquela manhã de terça-feira.,5.805,4,0.9355,,3.9303,3.8014,4.427,3.8771,3.8222,3.9499,3.7138,4.1527,3.9303,nisqa_overall,ok,
fishspeech,original,v3,41,fishspeech\outputs_final_experiment\original\v3\041.wav,O elevador parou no décimo segundo andar.,O elegador parou no 10º andar.,2.694,15,0.625,,2.1301,2.2027,3.8584,2.3956,2.194,2.7051,3.3033,3.3965,2.1301,nisqa_overall,ok,
fishspeech,original,v3,46,fishspeech\outputs_final_experiment\original\v3\046.wav,O motorista precisou escolher uma rota alternativa para evitar um grande congestionamento.,Uma ou dois da pessoa que lê uma roda alternativa para evitar um grande congestionamento.,4.969,22,0.7528,,2.7194,2.3704,3.9215,2.627,2.9551,3.0225,1.6536,1.4639,2.7194,nisqa_overall,ok,
fishspeech,original,v3,51,fishspeech\outputs_final_experiment\original\v3\051.wav,O sistema voltou a funcionar normalmente.,O sistema voltou a funcionar normalmente.,2.926,0,1.0,,3.6628,2.9211,4.1591,3.6634,4.0795,3.4358,3.5761,3.8014,3.6628,nisqa_overall,ok,
fishspeech,original,v3,56,fishspeech\outputs_final_experiment\original\v3\056.wav,Na semana passada houve uma queda de energia que afetou vários bairros da cidade.,Nessemãe passada houve umaquele de energia que afetou vários bairros da cidade.,4.644,8,0.9,,3.8414,2.9628,4.2297,3.8428,4.2193,3.8776,3.6852,4.0955,3.8414,nisqa_overall,ok,
fishspeech,original,v3,61,fishspeech\outputs_final_experiment\original\v3\061.wav,A reunião começou às nove horas.,",ppera?",7.941,28,0.0968,,2.1401,1.6095,4.2713,3.3692,3.4391,2.894,1.9467,1.913,2.1401,nisqa_overall,ok,
fishspeech,original,v3,66,fishspeech\outputs_final_experiment\original\v3\066.wav,O atendimento foi rápido.,Tengão... Tengão...,8.87,18,0.25,,1.369,1.6147,3.3245,1.5105,1.4933,2.3689,2.9506,2.6304,1.369,nisqa_overall,ok,
fishspeech,original,v3,71,fishspeech\outputs_final_experiment\original\v3\071.wav,O médico chegou pontualmente.,O médico chegou totalmente...,4.087,3,0.8929,,3.6127,4.1886,4.5004,3.4778,3.5438,3.6702,3.6374,4.0094,3.6127,nisqa_overall,ok,
fishspeech,original,v3,76,fishspeech\outputs_final_experiment\original\v3\076.wav,A professora respondeu às dúvidas dos alunos antes do encerramento da aula.,"Só respondeva tudo, ele should offend, somente do ser Hope to get off of.",4.598,54,0.2703,,3.923,3.8683,4.3393,3.8292,4.1628,3.7075,3.3292,3.0246,3.923,nisqa_overall,ok,
fishspeech,original,v3,81,fishspeech\outputs_final_experiment\original\v3\081.wav,Hoje foi um dia tranquilo.,Qual foi o fanguei tranquilo?,1.486,13,0.5357,,3.761,2.9245,4.3609,3.9801,4.1846,3.6538,3.4382,3.4921,3.761,nisqa_overall,ok,
fishspeech,original,v3,86,fishspeech\outputs_final_experiment\original\v3\086.wav,"Enquanto caminhava pela orla, observei crianças brincando e pessoas praticando esportes.","É dele, enquanto caminhava pela hora, observei crianças brincando e pessoas praticando e esportes.",16.811,11,0.8842,,3.8869,3.7344,4.4248,4.0053,4.2385,3.3842,3.5613,4.0679,3.8869,nisqa_overall,ok,
fishspeech,original,v3,91,fishspeech\outputs_final_experiment\original\v3\091.wav,A entrega foi realizada com sucesso.,A entrega foi realizada com sucesso.,3.622,0,1.0,,3.7127,2.6147,4.1884,4.1038,4.1257,2.901,3.6319,3.5257,3.7127,nisqa_overall,ok,
fishspeech,original,v3,96,fishspeech\outputs_final_experiment\original\v3\096.wav,O parque abriu normalmente.,O pé cabiu normalmente.,4.04,7,0.7308,,2.6336,2.7234,3.9352,3.0392,3.2277,2.9172,3.7082,3.628,2.6336,nisqa_overall,ok,
fishspeech,ajustado,v1,1,fishspeech\outputs_final_experiment\ajustado\v1\001.wav,Hoje o trânsito estava tranquilo.,Hoje é que eu estou acentuando.,1.44,19,0.4062,,2.836,2.502,4.2428,3.8556,4.079,2.9737,3.4725,3.2014,2.836,nisqa_overall,ok,
fishspeech,ajustado,v1,6,fishspeech\outputs_final_experiment\ajustado\v1\006.wav,A previsão indica possibilidade de chuva forte entre o final da tarde e o início da noite.,A previsão indica a possibilidade de chuva forte entre o final da tarde e o início da noite.,7.755,2,0.978,,3.7039,2.9753,4.2866,3.8531,4.233,3.5521,3.5986,4.0748,3.7039,nisqa_overall,ok,
fishspeech,ajustado,v1,11,fishspeech\outputs_final_experiment\ajustado\v1\011.wav,Ainda não recebi a confirmação da inscrição.,"E aí, meu... Que... E aí, meu... Você viu a confirmação? Da... Inscreva-se.",14.536,30,0.4915,,3.5992,3.0155,4.0944,3.7933,3.4952,3.6141,3.7658,3.3086,3.5992,nisqa_overall,ok,
fishspeech,ajustado,v1,16,fishspeech\outputs_final_experiment\ajustado\v1\016.wav,Meu avô sempre contava histórias interessantes sobre a época em que morava no sertão.,Meu avôs contava histórias interessantes sobre a época em que morava no sertão.,11.006,6,0.9286,,3.8353,3.2588,4.1007,3.6796,3.9374,3.9645,3.5887,3.8519,3.8353,nisqa_overall,ok,
fishspeech,ajustado,v1,21,fishspeech\outputs_final_experiment\ajustado\v1\021.wav,O professor pediu que os alunos entregassem os trabalhos até a próxima semana.,O professor ou...,9.195,63,0.1818,,2.7135,3.2307,3.909,3.4185,2.9188,3.4698,3.2994,3.7581,2.7135,nisqa_overall,ok,
fishspeech,ajustado,v1,26,fishspeech\outputs_final_experiment\ajustado\v1\026.wav,Você sabe onde fica a biblioteca central?,Você sabe onde fica o Biblioteca Central?,4.783,1,0.975,,3.7563,3.8859,4.1075,3.6362,3.8458,3.94,3.6186,4.0857,3.7563,nisqa_overall,ok,
fishspeech,ajustado,v1,31,fishspeech\outputs_final_experiment\ajustado\v1\031.wav,O grupo decidiu antecipar a saída.,"no gruto, decidiu antecipar a...",12.214,8,0.7576,,3.6458,2.7389,4.4344,3.9795,3.1931,2.9197,3.4671,3.7272,3.6458,nisqa_overall,ok,
fishspeech,ajustado,v1,36,fishspeech\outputs_final_experiment\ajustado\v1\036.wav,A praia estava praticamente vazia naquela manhã de terça-feira.,A praia estava praticamente vazia naquela manhã de... ...essa feira.,7.245,3,0.9516,,3.2671,1.9444,4.5788,3.9606,3.7316,3.2247,3.5238,3.5972,3.2671,nisqa_overall,ok,
fishspeech,ajustado,v1,41,fishspeech\outputs_final_experiment\ajustado\v1\041.wav,O elevador parou no décimo segundo andar.,"Não é valor para o mundo, é sem segundo andar.",3.855,17,0.6136,,3.0741,2.3354,4.51,3.4644,3.8241,2.9479,3.3219,2.6751,3.0741,nisqa_overall,ok,
fishspeech,ajustado,v1,46,fishspeech\outputs_final_experiment\ajustado\v1\046.wav,O motorista precisou escolher uma rota alternativa para evitar um grande congestionamento.,o motorista de pessoa escolheu uma rota alternativa para evitar um grande congestionamento.,7.012,8,0.9111,,3.3465,2.1675,4.2755,3.5223,4.0828,3.2007,3.3281,2.8388,3.3465,nisqa_overall,ok,
fishspeech,ajustado,v1,51,fishspeech\outputs_final_experiment\ajustado\v1\051.wav,O sistema voltou a funcionar normalmente.,O sistema voltou a funcionar normalmente.,3.947,0,1.0,,3.5315,2.7572,4.0869,3.9234,4.2579,3.5946,3.6442,4.1215,3.5315,nisqa_overall,ok,
fishspeech,ajustado,v1,56,fishspeech\outputs_final_experiment\ajustado\v1\056.wav,Na semana passada houve uma queda de energia que afetou vários bairros da cidade.,Semana passada houve uma queda de energia que afetou vários.,10.495,21,0.7375,,4.0845,2.4436,4.3145,3.5132,4.3481,3.8312,3.6695,4.0921,4.0845,nisqa_overall,ok,
fishspeech,ajustado,v1,61,fishspeech\outputs_final_experiment\ajustado\v1\061.wav,A reunião começou às nove horas.,Não é? Não é do... Não é... Não!,6.316,23,0.2581,,1.3397,1.4359,3.1967,1.6943,1.9258,2.3191,2.0302,1.5009,1.3397,nisqa_overall,ok,
fishspeech,ajustado,v1,66,fishspeech\outputs_final_experiment\ajustado\v1\066.wav,O atendimento foi rápido.,O atendimento foi até.,2.786,6,0.75,,2.8358,2.2206,4.4381,3.1302,3.4801,3.0867,3.5306,2.9776,2.8358,nisqa_overall,ok,
fishspeech,ajustado,v1,71,fishspeech\outputs_final_experiment\ajustado\v1\071.wav,O médico chegou pontualmente.,,3.529,28,0.0,,1.2843,2.5856,3.7163,1.1502,1.7056,2.2034,1.3709,2.108,1.2843,nisqa_overall,ok,
fishspeech,ajustado,v1,76,fishspeech\outputs_final_experiment\ajustado\v1\076.wav,A professora respondeu às dúvidas dos alunos antes do encerramento da aula.,A professora respondeu às dúvidas dos alunos antes do encerramento da aula.,7.105,0,1.0,,3.8279,3.8724,4.1925,3.7164,4.1368,3.9294,3.6888,3.8944,3.8279,nisqa_overall,ok,
fishspeech,ajustado,v1,81,fishspeech\outputs_final_experiment\ajustado\v1\081.wav,Hoje foi um dia tranquilo.,Hoje foi um dia atrapalho.,1.3,6,0.76,,4.1904,3.4549,4.2884,3.9872,4.3051,3.3962,3.4638,3.586,4.1904,nisqa_overall,ok,
fishspeech,ajustado,v1,86,fishspeech\outputs_final_experiment\ajustado\v1\086.wav,"Enquanto caminhava pela orla, observei crianças brincando e pessoas praticando esportes.","Aí quando eu caminhar pela aula, eu observei crianças brincando e pessoas praticando expósito.",13.7,20,0.7826,,3.7829,2.3591,4.4972,4.0873,4.1589,3.6038,3.4861,4.0062,3.7829,nisqa_overall,ok,
fishspeech,ajustado,v1,91,fishspeech\outputs_final_experiment\ajustado\v1\091.wav,A entrega foi realizada com sucesso.,A entrega foi realizada com sucesso.,3.111,0,1.0,,3.5129,2.5414,4.0433,3.5646,3.8729,2.9088,3.6485,3.6394,3.5129,nisqa_overall,ok,
fishspeech,ajustado,v1,96,fishspeech\outputs_final_experiment\ajustado\v1\096.wav,O parque abriu normalmente.,Vai.,6.223,24,0.0769,,0.8712,1.8863,2.848,1.4752,1.7391,2.2327,1.5722,1.4794,0.8712,nisqa_overall,ok,
fishspeech,ajustado,v2,1,fishspeech\outputs_final_experiment\ajustado\v2\001.wav,Hoje o trânsito estava tranquilo.,"Não, e aí o glowing positiva todo marine e totalmente pro Nelson Info de paints ainda talvez o combate entre o 908 e o piberia de",2.043,106,0.1719,,2.3723,2.5773,4.1853,2.1362,2.5303,2.7524,2.8228,2.4226,2.3723,nisqa_overall,ok,
fishspeech,ajustado,v2,6,fishspeech\outputs_final_experiment\ajustado\v2\006.wav,A previsão indica possibilidade de chuva forte entre o final da tarde e o início da noite.,"A previsão invica a possibilidade de chuva, força, entre o final da tarde e o início da noite.",11.982,5,0.9451,,3.6373,2.2704,4.3885,3.5828,4.0297,3.279,3.6498,3.3994,3.6373,nisqa_overall,ok,
fishspeech,ajustado,v2,11,fishspeech\outputs_final_experiment\ajustado\v2\011.wav,Ainda não recebi a confirmação da inscrição.,Ainda não recebi a confirmação de...,7.802,11,0.7442,,3.4385,3.29,4.1198,3.0819,3.7966,3.6716,3.5656,3.8651,3.4385,nisqa_overall,ok,
fishspeech,ajustado,v2,16,fishspeech\outputs_final_experiment\ajustado\v2\016.wav,Meu avô sempre contava histórias interessantes sobre a época em que morava no sertão.,Eu sempre contava histórias interessantes sobre a época em que morava no sertão.,8.824,5,0.9405,,4.1184,3.6176,4.3617,4.0448,4.0465,3.6437,3.5573,3.8083,4.1184,nisqa_overall,ok,
fishspeech,ajustado,v2,21,fishspeech\outputs_final_experiment\ajustado\v2\021.wav,O professor pediu que os alunos entregassem os trabalhos até a próxima semana.,O professor pediu que os alunos entegassem no trabalho até a próxima semana.,5.248,4,0.9481,,4.2738,4.057,4.4346,3.9954,4.282,4.2181,3.6504,4.1305,4.2738,nisqa_overall,ok,
fishspeech,ajustado,v2,26,fishspeech\outputs_final_experiment\ajustado\v2\026.wav,Você sabe onde fica a biblioteca central?,Não sei se a bunda fica na biblioteca central.,8.22,13,0.7111,,4.349,4.1429,4.5348,4.2553,4.3686,4.0133,3.5938,4.1478,4.349,nisqa_overall,ok,
fishspeech,ajustado,v2,31,fishspeech\outputs_final_experiment\ajustado\v2\031.wav,O grupo decidiu antecipar a saída.,O grupo decidiu antecipar a saída.,10.31,0,1.0,,3.1849,2.6758,4.1673,4.0725,3.4441,3.1758,3.5432,4.0174,3.1849,nisqa_overall,ok,
fishspeech,ajustado,v2,36,fishspeech\outputs_final_experiment\ajustado\v2\036.wav,A praia estava praticamente vazia naquela manhã de terça-feira.,"...uhmm, pie?",22.988,58,0.0645,,1.5993,2.2365,3.7128,2.9484,2.8361,2.3556,2.0107,2.061,1.5993,nisqa_overall,ok,
fishspeech,ajustado,v2,41,fishspeech\outputs_final_experiment\ajustado\v2\041.wav,O elevador parou no décimo segundo andar.,O elevador para o universo segundo andar.,2.694,10,0.75,,2.7097,2.2928,4.0729,2.7681,3.3538,2.9363,3.4758,2.9282,2.7097,nisqa_overall,ok,
fishspeech,ajustado,v2,46,fishspeech\outputs_final_experiment\ajustado\v2\046.wav,O motorista precisou escolher uma rota alternativa para evitar um grande congestionamento.,"Motorista precisou escolher uma ropa, alternativa para evitar, evitar um grande congestionamento.",12.817,10,0.8936,,3.339,2.243,4.3737,3.566,4.036,3.0262,3.5368,3.2894,3.339,nisqa_overall,ok,
fishspeech,ajustado,v2,51,fishspeech\outputs_final_experiment\ajustado\v2\051.wav,O sistema voltou a funcionar normalmente.,"ou se, tendo, voltou a funcionar normalmente.",5.108,6,0.8571,,4.0209,3.4602,4.3252,4.2047,4.3627,3.7328,3.5929,4.0602,4.0209,nisqa_overall,ok,
fishspeech,ajustado,v2,56,fishspeech\outputs_final_experiment\ajustado\v2\056.wav,Na semana passada houve uma queda de energia que afetou vários bairros da cidade.,Da semana passada houve uma queda da energia que afetou vários bairros da cidade.,4.783,2,0.975,,4.2697,3.6936,4.4746,4.2363,4.4797,3.8605,3.6124,3.9642,4.2697,nisqa_overall,ok,
fishspeech,ajustado,v2,61,fishspeech\outputs_final_experiment\ajustado\v2\061.wav,A reunião começou às nove horas.,A reunião começou às 9 horas.,3.901,4,0.871,,2.188,1.7454,4.0287,2.8489,3.2331,3.0937,3.5027,2.7321,2.188,nisqa_overall,ok,
fishspeech,ajustado,v2,66,fishspeech\outputs_final_experiment\ajustado\v2\066.wav,O atendimento foi rápido.,Privities,8.87,21,0.125,,0.5973,1.4714,2.6125,1.4856,1.3021,2.2477,1.1765,1.1642,0.5973,nisqa_overall,ok,
fishspeech,ajustado,v2,71,fishspeech\outputs_final_experiment\ajustado\v2\071.wav,O médico chegou pontualmente.,O médico chegou pontualmente.,3.204,0,1.0,,4.1397,3.9684,4.3861,4.0288,4.2692,3.7343,3.6135,3.8713,4.1397,nisqa_overall,ok,
fishspeech,ajustado,v2,76,fishspeech\outputs_final_experiment\ajustado\v2\076.wav,A professora respondeu às dúvidas dos alunos antes do encerramento da aula.,A professora respondeu às dúvidas dos alunos antes do encerramento da aula.,12.632,0,1.0,,3.7126,3.7283,4.2887,3.6297,3.7982,3.7776,3.4974,3.8356,3.7126,nisqa_overall,ok,
fishspeech,ajustado,v2,81,fishspeech\outputs_final_experiment\ajustado\v2\081.wav,Hoje foi um dia tranquilo.,hoje foi uma,3.204,13,0.48,,3.7889,3.2228,4.446,3.8542,4.054,3.6786,3.4925,3.9748,3.7889,nisqa_overall,ok,
fishspeech,ajustado,v2,86,fishspeech\outputs_final_experiment\ajustado\v2\086.wav,"Enquanto caminhava pela orla, observei crianças brincando e pessoas praticando esportes.",enquanto caminhava pela ONU da série de crianças brincando e pessoas praticando em spots.,5.805,15,0.8295,,3.7674,3.3395,4.2214,3.7143,3.9711,3.4635,3.376,3.7357,3.7674,nisqa_overall,ok,
fishspeech,ajustado,v2,91,fishspeech\outputs_final_experiment\ajustado\v2\091.wav,A entrega foi realizada com sucesso.,A entrega foi realizada com sucesso.,3.204,0,1.0,,3.5702,2.4068,4.1263,3.5735,3.8353,2.8286,3.5807,3.7753,3.5702,nisqa_overall,ok,
fishspeech,ajustado,v2,96,fishspeech\outputs_final_experiment\ajustado\v2\096.wav,O parque abriu normalmente.,O parque abriu normalmente.,3.901,0,1.0,,3.5952,2.4782,4.3282,3.7051,4.1465,2.9906,3.6557,3.7609,3.5952,nisqa_overall,ok,
fishspeech,ajustado,v3,1,fishspeech\outputs_final_experiment\ajustado\v3\001.wav,Hoje o trânsito estava tranquilo.,O chefe transitava tranquilo.,2.09,12,0.625,,4.0257,2.823,4.3343,3.7271,4.2635,3.4059,3.4105,3.727,4.0257,nisqa_overall,ok,
fishspeech,ajustado,v3,6,fishspeech\outputs_final_experiment\ajustado\v3\006.wav,A previsão indica possibilidade de chuva forte entre o final da tarde e o início da noite.,A previsão indica a possibilidade de chuva forte entre o final da tarde e o início da noite.,5.341,2,0.978,,3.5568,2.6084,4.0993,3.2302,4.0392,3.4013,3.6649,3.6909,3.5568,nisqa_overall,ok,
fishspeech,ajustado,v3,11,fishspeech\outputs_final_experiment\ajustado\v3\011.wav,Ainda não recebi a confirmação da inscrição.,ainda não recebi a confirmação da inscrição,9.427,0,1.0,,3.7461,3.2889,4.0086,3.8136,3.4653,3.6002,3.6675,3.7327,3.7461,nisqa_overall,ok,
fishspeech,ajustado,v3,16,fishspeech\outputs_final_experiment\ajustado\v3\016.wav,Meu avô sempre contava histórias interessantes sobre a época em que morava no sertão.,Meu avô sempre contava histórias interessantes sobre a época em que morava no sertão.,8.452,0,1.0,,3.5568,3.4075,3.9789,3.3019,3.8595,3.9086,3.6968,3.7629,3.5568,nisqa_overall,ok,
fishspeech,ajustado,v3,21,fishspeech\outputs_final_experiment\ajustado\v3\021.wav,O professor pediu que os alunos entregassem os trabalhos até a próxima semana.,O professor pediu que os alunos entregassem desde o sabate até a próxima semana.,7.105,11,0.8608,,3.5399,3.783,4.0085,3.2224,3.7013,3.7196,3.6205,3.8332,3.5399,nisqa_overall,ok,
fishspeech,ajustado,v3,26,fishspeech\outputs_final_experiment\ajustado\v3\026.wav,Você sabe onde fica a biblioteca central?,"Você sabe o que fica aí, o Duarteca Central.",8.406,10,0.7619,,3.8418,3.8435,4.3668,3.9878,3.8386,3.903,3.6561,3.957,3.8418,nisqa_overall,ok,
fishspeech,ajustado,v3,31,fishspeech\outputs_final_experiment\ajustado\v3\031.wav,O grupo decidiu antecipar a saída.,O monitor decidiu antecipar a saída.,3.251,6,0.8286,,3.8431,3.6637,4.3932,4.1042,3.3576,3.4602,3.5407,3.7266,3.8431,nisqa_overall,ok,
fishspeech,ajustado,v3,36,fishspeech\outputs_final_experiment\ajustado\v3\036.wav,A praia estava praticamente vazia naquela manhã de terça-feira.,A praia está exatamente base naquela manhã de... de...,22.988,21,0.6613,,3.4524,2.3263,4.3492,3.719,3.5876,2.8288,2.8574,3.1587,3.4524,nisqa_overall,ok,
fishspeech,ajustado,v3,41,fishspeech\outputs_final_experiment\ajustado\v3\041.wav,O elevador parou no décimo segundo andar.,O elevador para o próximo segundo andar.,3.39,7,0.825,,2.5812,2.5282,3.9808,2.3725,2.613,3.0777,3.5378,3.1463,2.5812,nisqa_overall,ok,
fishspeech,ajustado,v3,46,fishspeech\outputs_final_experiment\ajustado\v3\046.wav,O motorista precisou escolher uma rota alternativa para evitar um grande congestionamento.,O motorista precisou escolher uma rota alternativa para evitar um grande congestionamento.,9.613,0,1.0,,3.6457,2.8298,4.4625,3.7854,4.1813,3.6008,3.5727,3.648,3.6457,nisqa_overall,ok,
fishspeech,ajustado,v3,51,fishspeech\outputs_final_experiment\ajustado\v3\051.wav,O sistema voltou a funcionar normalmente.,O sistema voltou a funcionar normalmente.,4.226,0,1.0,,4.2897,3.9143,4.4722,4.1076,4.2226,3.8725,3.4765,3.6697,4.2897,nisqa_overall,ok,
fishspeech,ajustado,v3,56,fishspeech\outputs_final_experiment\ajustado\v3\056.wav,Na semana passada houve uma queda de energia que afetou vários bairros da cidade.,Na semana passada houve uma cadeia de energia que...,29.675,36,0.55,,2.6311,1.93,3.8704,3.087,2.8496,3.1563,3.1995,3.8166,2.6311,nisqa_overall,ok,
fishspeech,ajustado,v3,61,fishspeech\outputs_final_experiment\ajustado\v3\061.wav,A reunião começou às nove horas.,A reunião começou às 9 horas.,5.062,4,0.871,,3.4205,2.462,4.406,3.8512,3.327,4.0318,3.3678,3.9362,3.4205,nisqa_overall,ok,
fishspeech,ajustado,v3,66,fishspeech\outputs_final_experiment\ajustado\v3\066.wav,O atendimento foi rápido.,O atendimento foi rápido.,6.037,0,1.0,,2.5767,2.3473,3.9931,2.5353,2.8106,3.3087,3.4735,3.6185,2.5767,nisqa_overall,ok,
fishspeech,ajustado,v3,71,fishspeech\outputs_final_experiment\ajustado\v3\071.wav,O médico chegou pontualmente.,O médico chegou pontualmente.,4.226,0,1.0,,3.546,3.9375,4.0591,3.4801,3.9085,3.5516,3.4481,3.979,3.546,nisqa_overall,ok,
fishspeech,ajustado,v3,76,fishspeech\outputs_final_experiment\ajustado\v3\076.wav,A professora respondeu às dúvidas dos alunos antes do encerramento da aula.,A professora respondeu às dúvidas dos alunos antes do encerramento da aula.,4.226,0,1.0,,4.1667,3.9245,4.5521,4.0468,4.4082,3.8176,3.5073,3.5343,4.1667,nisqa_overall,ok,
fishspeech,ajustado,v3,81,fishspeech\outputs_final_experiment\ajustado\v3\081.wav,Hoje foi um dia tranquilo.,Hoje foi um dia tranquilo.,3.158,0,1.0,,3.2006,2.4244,4.0555,3.8689,3.8938,3.4423,3.2626,3.8449,3.2006,nisqa_overall,ok,
fishspeech,ajustado,v3,86,fishspeech\outputs_final_experiment\ajustado\v3\086.wav,"Enquanto caminhava pela orla, observei crianças brincando e pessoas praticando esportes.",,32.276,86,0.0,,0.7532,1.5051,2.4687,1.2857,1.2902,2.0999,1.0473,1.1657,0.7532,nisqa_overall,ok,
fishspeech,ajustado,v3,91,fishspeech\outputs_final_experiment\ajustado\v3\091.wav,A entrega foi realizada com sucesso.,A entrega foi realizada com sucesso.,3.901,0,1.0,,3.6546,2.6612,4.262,3.7044,4.0339,3.0321,3.587,3.513,3.6546,nisqa_overall,ok,
fishspeech,ajustado,v3,96,fishspeech\outputs_final_experiment\ajustado\v3\096.wav,O parque abriu normalmente.,O parque abriu normalmente.,5.016,0,1.0,,2.5887,2.4747,3.9505,2.5994,2.8302,2.8247,3.6437,3.7862,2.5887,nisqa_overall,ok,
unsloth,original,v1,1,unsloth\outputs_final_experiment\original\v1\001.wav,Hoje o trânsito estava tranquilo.,hoje o trânsito estava tranquilo.,2.475,0,1.0,,4.8495,4.6243,4.7587,4.3344,4.61,3.9073,3.5922,4.1878,4.8495,nisqa_overall,ok,
unsloth,original,v1,6,unsloth\outputs_final_experiment\original\v1\006.wav,A previsão indica possibilidade de chuva forte entre o final da tarde e o início da noite.,"A perdizão indica possibilidades de chuva forte, entre o final da tarde e o início da noite.",6.485,5,0.9444,,4.7731,4.4888,4.6679,4.2469,4.5493,3.9868,3.4227,4.14,4.7731,nisqa_overall,ok,
unsloth,original,v1,11,unsloth\outputs_final_experiment\original\v1\011.wav,Ainda não recebi a confirmação da inscrição.,Ainda não recebi a confirmação da inscrição.,2.816,0,1.0,,4.7514,4.4152,4.6333,4.2282,4.5621,3.5152,3.3032,3.5095,4.7514,nisqa_overall,ok,
unsloth,original,v1,16,unsloth\outputs_final_experiment\original\v1\016.wav,Meu avô sempre contava histórias interessantes sobre a época em que morava no sertão.,"Meu avó sempre contava histórias interessantes. Sob a época, em que...",4.693,20,0.7619,,4.8149,4.5042,4.6996,4.2867,4.5858,3.9484,3.6916,4.2094,4.8149,nisqa_overall,ok,
unsloth,original,v1,21,unsloth\outputs_final_experiment\original\v1\021.wav,O professor pediu que os alunos entregassem os trabalhos até a próxima semana.,O professor pediu que os alheios entregassem os tragalhos. Até a próxima semana.,4.437,4,0.9487,,4.881,4.4815,4.7387,4.3411,4.6484,4.0688,3.6394,4.0505,4.881,nisqa_overall,ok,
unsloth,original,v1,26,unsloth\outputs_final_experiment\original\v1\026.wav,Você sabe onde fica a biblioteca central?,a sabe onde desfigue onde peca central.,2.219,18,0.55,,4.948,4.6657,4.7867,4.4504,4.6618,3.7819,3.4925,3.9857,4.948,nisqa_overall,ok,
unsloth,original,v1,31,unsloth\outputs_final_experiment\original\v1\031.wav,O grupo decidiu antecipar a saída.,O grupo decidiu antecipar a saída.,2.475,0,1.0,,4.7617,4.5313,4.7173,4.2668,4.5891,3.7308,3.2647,3.961,4.7617,nisqa_overall,ok,
unsloth,original,v1,36,unsloth\outputs_final_experiment\original\v1\036.wav,A praia estava praticamente vazia naquela manhã de terça-feira.,A praia estava praticamente vazia naquela manhã de...,3.328,12,0.8065,,4.8019,4.1263,4.6205,4.2791,4.6015,3.8197,3.7281,4.1879,4.8019,nisqa_overall,ok,
unsloth,original,v1,41,unsloth\outputs_final_experiment\original\v1\041.wav,O elevador parou no décimo segundo andar.,O elevador parou um décimo segundo andar.,2.475,2,0.95,,4.8607,4.5435,4.7303,4.3758,4.6639,3.5844,3.5792,4.0535,4.8607,nisqa_overall,ok,
unsloth,original,v1,46,unsloth\outputs_final_experiment\original\v1\046.wav,O motorista precisou escolher uma rota alternativa para evitar um grande congestionamento.,O motorista precisou escolher uma rota alternativa para evitar um...,4.096,24,0.7303,,4.8124,4.6178,4.7557,4.3372,4.6241,3.9836,3.5535,4.0963,4.8124,nisqa_overall,ok,
unsloth,original,v1,51,unsloth\outputs_final_experiment\original\v1\051.wav,O sistema voltou a funcionar normalmente.,o sistema voltou a funcionar normalmente.,2.56,0,1.0,,4.4904,4.3743,4.5366,4.0831,4.4077,3.4051,3.4003,3.4701,4.4904,nisqa_overall,ok,
unsloth,original,v1,56,unsloth\outputs_final_experiment\original\v1\056.wav,Na semana passada houve uma queda de energia que afetou vários bairros da cidade.,"Na semana passada, houve uma queda de energia que afetou vários...",4.693,18,0.775,,4.8151,4.4825,4.6989,4.3238,4.6084,3.8829,3.528,4.192,4.8151,nisqa_overall,ok,
unsloth,original,v1,61,unsloth\outputs_final_experiment\original\v1\061.wav,A reunião começou às nove horas.,A reunião começou às 9 horas.,2.475,4,0.871,,4.9265,4.5564,4.8352,4.4338,4.7208,3.6363,3.3397,3.9977,4.9265,nisqa_overall,ok,
unsloth,original,v1,66,unsloth\outputs_final_experiment\original\v1\066.wav,O atendimento foi rápido.,O latinamento foi rápido.,1.792,4,0.8333,,4.8243,4.654,4.6107,4.1813,4.5518,3.7446,3.6418,4.151,4.8243,nisqa_overall,ok,
unsloth,original,v1,71,unsloth\outputs_final_experiment\original\v1\071.wav,O médico chegou pontualmente.,O médico chegou pontualmente...,1.963,0,1.0,,4.7821,4.4923,4.6816,4.2955,4.5774,3.7705,3.4533,4.1121,4.7821,nisqa_overall,ok,
unsloth,original,v1,76,unsloth\outputs_final_experiment\original\v1\076.wav,A professora respondeu às dúvidas dos alunos antes do encerramento da aula.,A professora respondeu às dúvidas do Jalé,4.096,35,0.527,,4.6667,4.3444,4.6478,4.1783,4.4705,4.114,3.478,4.0511,4.6667,nisqa_overall,ok,
unsloth,original,v1,81,unsloth\outputs_final_experiment\original\v1\081.wav,Hoje foi um dia tranquilo.,Hoje foi um dia tranquilo.,1.792,0,1.0,,4.6362,4.452,4.6775,4.3317,4.5764,3.6773,3.156,4.0817,4.6362,nisqa_overall,ok,
unsloth,original,v1,86,unsloth\outputs_final_experiment\original\v1\086.wav,"Enquanto caminhava pela orla, observei crianças brincando e pessoas praticando esportes.",enquanto caminhava pela orla. Observei crianças...,3.84,40,0.5349,,4.8889,4.621,4.7474,4.3771,4.6233,3.8782,3.5169,4.1557,4.8889,nisqa_overall,ok,
unsloth,original,v1,91,unsloth\outputs_final_experiment\original\v1\091.wav,A entrega foi realizada com sucesso.,A entrega foi realizada com...,2.475,8,0.7714,,4.9516,4.5974,4.7553,4.4752,4.6852,3.6742,3.5767,4.208,4.9516,nisqa_overall,ok,
unsloth,original,v1,96,unsloth\outputs_final_experiment\original\v1\096.wav,O parque abriu normalmente.,O parque abriu normalmente.,1.963,0,1.0,,4.375,4.5184,4.2599,3.7815,4.2748,3.0515,3.2595,4.096,4.375,nisqa_overall,ok,
unsloth,original,v2,1,unsloth\outputs_final_experiment\original\v2\001.wav,Hoje o trânsito estava tranquilo.,Hoje o trânsito estava tranquilo.,2.816,0,1.0,,4.7838,4.4783,4.6795,4.3041,4.5424,4.0255,3.6878,4.2156,4.7838,nisqa_overall,ok,
unsloth,original,v2,6,unsloth\outputs_final_experiment\original\v2\006.wav,A previsão indica possibilidade de chuva forte entre o final da tarde e o início da noite.,A previsão indica possibilidade de chuva forte entre o final da tarde e o infício da noite.,7.339,1,0.9889,,4.7998,4.5117,4.7279,4.3202,4.5869,3.8615,3.5284,4.193,4.7998,nisqa_overall,ok,
unsloth,original,v2,11,unsloth\outputs_final_experiment\original\v2\011.wav,Ainda não recebi a confirmação da inscrição.,Ainda não recebi a confirmação da instrição.,2.816,1,0.9767,,4.6876,4.29,4.6228,4.1872,4.4877,3.7557,3.4263,3.3166,4.6876,nisqa_overall,ok,
unsloth,original,v2,16,unsloth\outputs_final_experiment\original\v2\016.wav,Meu avô sempre contava histórias interessantes sobre a época em que morava no sertão.,E o avó sempre contava histórias interessantes sobre a época em...,4.693,25,0.7024,,4.9833,4.6337,4.8849,4.522,4.7422,3.9984,3.6245,4.2156,4.9833,nisqa_overall,ok,
unsloth,original,v2,21,unsloth\outputs_final_experiment\original\v2\021.wav,O professor pediu que os alunos entregassem os trabalhos até a próxima semana.,O professor pediu que os alajos entregassem os baviálios até a próxima semana.,4.267,8,0.8961,,4.9848,4.6112,4.8391,4.4766,4.7148,3.9883,3.7627,4.0942,4.9848,nisqa_overall,ok,
unsloth,original,v2,26,unsloth\outputs_final_experiment\original\v2\026.wav,Você sabe onde fica a biblioteca central?,Mas sabe onde estive a biblioteca central?,2.56,9,0.7805,,4.8019,4.4636,4.6295,4.2388,4.5665,3.6843,3.7093,4.2104,4.8019,nisqa_overall,ok,
unsloth,original,v2,31,unsloth\outputs_final_experiment\original\v2\031.wav,O grupo decidiu antecipar a saída.,O grupo decidiu antecipar a saída.,2.304,0,1.0,,4.867,4.5868,4.7569,4.4383,4.6531,3.7522,3.5349,4.0733,4.867,nisqa_overall,ok,
unsloth,original,v2,36,unsloth\outputs_final_experiment\original\v2\036.wav,A praia estava praticamente vazia naquela manhã de terça-feira.,A praia estava praticamente vazia naquela manhã de terças...,3.328,6,0.9032,,4.952,4.5808,4.7807,4.4437,4.6997,4.0388,3.6825,4.013,4.952,nisqa_overall,ok,
unsloth,original,v2,41,unsloth\outputs_final_experiment\original\v2\041.wav,O elevador parou no décimo segundo andar.,O elevador parou no décimo segundo.,2.816,6,0.85,,4.6835,4.6013,4.6117,4.4244,4.5991,3.513,3.3689,4.039,4.6835,nisqa_overall,ok,
unsloth,original,v2,46,unsloth\outputs_final_experiment\original\v2\046.wav,O motorista precisou escolher uma rota alternativa para evitar um grande congestionamento.,O motorista precisou escolher uma rota alternativa para editar...,4.096,28,0.6854,,4.9031,4.5738,4.7993,4.329,4.6508,4.1728,3.5713,4.2076,4.9031,nisqa_overall,ok,
unsloth,original,v2,51,unsloth\outputs_final_experiment\original\v2\051.wav,O sistema voltou a funcionar normalmente.,O sistema voltou a funcionar.,2.56,12,0.7,,4.6491,4.4563,4.5952,4.3431,4.5704,3.4249,3.5142,4.13,4.6491,nisqa_overall,ok,
unsloth,original,v2,56,unsloth\outputs_final_experiment\original\v2\056.wav,Na semana passada houve uma queda de energia que afetou vários bairros da cidade.,"semana passada, houve uma queda de energia que afetou vários bares.",4.693,16,0.8,,4.8893,4.5908,4.7296,4.3385,4.6753,3.9008,3.5595,4.1951,4.8893,nisqa_overall,ok,
unsloth,original,v2,61,unsloth\outputs_final_experiment\original\v2\061.wav,A reunião começou às nove horas.,A reunião começou às 9 horas.,2.133,4,0.871,,4.8424,4.5134,4.751,4.4006,4.6425,3.8449,3.3656,3.9494,4.8424,nisqa_overall,ok,
unsloth,original,v2,66,unsloth\outputs_final_experiment\original\v2\066.wav,O atendimento foi rápido.,O atimento foi rápido.,1.963,3,0.875,,4.8042,4.4834,4.6705,4.2493,4.5379,3.6458,3.5165,4.1564,4.8042,nisqa_overall,ok,
unsloth,original,v2,71,unsloth\outputs_final_experiment\original\v2\071.wav,O médico chegou pontualmente.,o médico chegou totalmente.,1.963,3,0.8929,,4.5321,4.3183,4.5527,4.1752,4.5034,3.5859,3.4535,3.9873,4.5321,nisqa_overall,ok,
unsloth,original,v2,76,unsloth\outputs_final_experiment\original\v2\076.wav,A professora respondeu às dúvidas dos alunos antes do encerramento da aula.,A professora respondeu as dúvidas dos Rajanis. Antes do encerramento...,4.096,13,0.8243,,4.6988,4.2617,4.6956,4.2421,4.5268,3.9277,3.6782,4.1783,4.6988,nisqa_overall,ok,
unsloth,original,v2,81,unsloth\outputs_final_experiment\original\v2\081.wav,Hoje foi um dia tranquilo.,Hoje foi um dia tranquilo.,2.219,0,1.0,,5.0226,4.6599,4.8537,4.4796,4.6943,3.924,3.479,4.1276,5.0226,nisqa_overall,ok,
unsloth,original,v2,86,unsloth\outputs_final_experiment\original\v2\086.wav,"Enquanto caminhava pela orla, observei crianças brincando e pessoas praticando esportes.",enquanto caminhava pela órgula. Observei crianças bem...,3.84,40,0.5349,,4.9616,4.6307,4.7628,4.3391,4.595,3.4442,3.5865,4.0844,4.9616,nisqa_overall,ok,
unsloth,original,v2,91,unsloth\outputs_final_experiment\original\v2\091.wav,A entrega foi realizada com sucesso.,a entrega foi realizada com esse showdo.,2.56,8,0.7949,,4.8904,4.5558,4.7441,4.3958,4.6369,3.7563,3.2831,3.781,4.8904,nisqa_overall,ok,
unsloth,original,v2,96,unsloth\outputs_final_experiment\original\v2\096.wav,O parque abriu normalmente.,O parque abriu normalmente.,1.963,0,1.0,,4.9174,4.4708,4.7919,4.3759,4.6549,3.5774,3.1299,3.9312,4.9174,nisqa_overall,ok,
unsloth,original,v3,1,unsloth\outputs_final_experiment\original\v3\001.wav,Hoje o trânsito estava tranquilo.,Hoje o trânsito estava tranquilo.,2.475,0,1.0,,4.9546,4.6546,4.838,4.4616,4.7082,3.878,3.5919,4.1768,4.9546,nisqa_overall,ok,
unsloth,original,v3,6,unsloth\outputs_final_experiment\original\v3\006.wav,A previsão indica possibilidade de chuva forte entre o final da tarde e o início da noite.,A perisone indica possibilidades de...,2.219,60,0.3258,,4.3153,3.5613,4.0941,3.9359,4.2205,3.7783,3.5545,3.9711,4.3153,nisqa_overall,ok,
unsloth,original,v3,11,unsloth\outputs_final_experiment\original\v3\011.wav,Ainda não recebi a confirmação da inscrição.,ainda não recebia confirmação da inscrição.,2.816,1,0.9767,,4.8438,4.3133,4.6958,4.3517,4.6279,3.7089,3.544,4.0714,4.8438,nisqa_overall,ok,
unsloth,original,v3,16,unsloth\outputs_final_experiment\original\v3\016.wav,Meu avô sempre contava histórias interessantes sobre a época em que morava no sertão.,O avô sempre contava histórias interessantes sobre a época.,4.693,27,0.6786,,4.7662,4.2239,4.7369,4.3305,4.6114,4.0327,3.6436,4.2268,4.7662,nisqa_overall,ok,
unsloth,original,v3,21,unsloth\outputs_final_experiment\original\v3\021.wav,O professor pediu que os alunos entregassem os trabalhos até a próxima semana.,O professor pediu que os aniores entregassem nos baviários até a próxima semana.,4.437,13,0.8354,,4.9927,4.5727,4.8318,4.4608,4.7067,4.0917,3.7371,4.0864,4.9927,nisqa_overall,ok,
unsloth,original,v3,26,unsloth\outputs_final_experiment\original\v3\026.wav,Você sabe onde fica a biblioteca central?,"a Sábado de Shiva, Biblioteca Central.",2.304,13,0.675,,5.0747,4.7032,4.8779,4.553,4.7167,3.8477,3.693,4.1012,5.0747,nisqa_overall,ok,
unsloth,original,v3,31,unsloth\outputs_final_experiment\original\v3\031.wav,O grupo decidiu antecipar a saída.,o grupo decidiu antecipar a saída.,2.56,0,1.0,,4.8404,4.4436,4.6389,4.2459,4.5842,3.4563,3.3428,3.7132,4.8404,nisqa_overall,ok,
unsloth,original,v3,36,unsloth\outputs_final_experiment\original\v3\036.wav,A praia estava praticamente vazia naquela manhã de terça-feira.,A praia estava praticamente vazia naquela manhã de...,3.328,12,0.8065,,4.8848,4.5912,4.7569,4.4127,4.71,3.7131,3.562,4.0921,4.8848,nisqa_overall,ok,
unsloth,original,v3,41,unsloth\outputs_final_experiment\original\v3\041.wav,O elevador parou no décimo segundo andar.,O elevador parou do 12º andor.,2.816,15,0.625,,4.7827,4.4885,4.72,4.3073,4.5331,3.9217,3.5031,4.0305,4.7827,nisqa_overall,ok,
unsloth,original,v3,46,unsloth\outputs_final_experiment\original\v3\046.wav,O motorista precisou escolher uma rota alternativa para evitar um grande congestionamento.,O motorista precisou escolher uma rota alternativa para...,4.096,34,0.618,,4.9284,4.6116,4.8153,4.3732,4.6152,4.0625,3.5934,4.1961,4.9284,nisqa_overall,ok,
unsloth,original,v3,51,unsloth\outputs_final_experiment\original\v3\051.wav,O sistema voltou a funcionar normalmente.,o sistema voltou a funcionar normalmente.,2.56,0,1.0,,4.5417,4.3747,4.4855,4.0892,4.4165,3.299,3.357,3.0932,4.5417,nisqa_overall,ok,
unsloth,original,v3,56,unsloth\outputs_final_experiment\original\v3\056.wav,Na semana passada houve uma queda de energia que afetou vários bairros da cidade.,"Na semana passada, houve uma queda de energia que afetou vários bairros.",4.693,10,0.875,,4.7738,4.54,4.6596,4.3174,4.6068,3.8855,3.7088,4.1623,4.7738,nisqa_overall,ok,
unsloth,original,v3,61,unsloth\outputs_final_experiment\original\v3\061.wav,A reunião começou às nove horas.,A reunião começou às 9 horas.,2.389,4,0.871,,4.6257,4.2121,4.5898,4.1356,4.4501,3.8672,3.5163,4.1177,4.6257,nisqa_overall,ok,
unsloth,original,v3,66,unsloth\outputs_final_experiment\original\v3\066.wav,O atendimento foi rápido.,mas no mundo foi rápido.,1.536,8,0.6667,,4.9308,4.5932,4.7363,4.2963,4.5488,3.5634,3.4817,4.1788,4.9308,nisqa_overall,ok,
unsloth,original,v3,71,unsloth\outputs_final_experiment\original\v3\071.wav,O médico chegou pontualmente.,o médico chegou.,1.963,13,0.5357,,4.3744,4.2494,4.3614,3.9972,4.2842,3.7689,3.2124,4.0469,4.3744,nisqa_overall,ok,
unsloth,original,v3,76,unsloth\outputs_final_experiment\original\v3\076.wav,A professora respondeu às dúvidas dos alunos antes do encerramento da aula.,a professora respondeu as dúvidas dos alheios antes do ensinamento.,4.096,16,0.7838,,4.8304,4.6041,4.7543,4.3962,4.6563,4.0671,3.6594,4.1469,4.8304,nisqa_overall,ok,
unsloth,original,v3,81,unsloth\outputs_final_experiment\original\v3\081.wav,Hoje foi um dia tranquilo.,Hoje foi um dia tranquilo.,1.877,0,1.0,,4.7992,4.6401,4.7009,4.3007,4.5963,3.8258,3.3548,3.8115,4.7992,nisqa_overall,ok,
unsloth,original,v3,86,unsloth\outputs_final_experiment\original\v3\086.wav,"Enquanto caminhava pela orla, observei crianças brincando e pessoas praticando esportes.","enquanto caminava pela orna, observei crianças.",3.84,42,0.5116,,4.7911,4.5587,4.7513,4.3425,4.6409,3.6631,3.5663,4.0752,4.7911,nisqa_overall,ok,
unsloth,original,v3,91,unsloth\outputs_final_experiment\original\v3\091.wav,A entrega foi realizada com sucesso.,A entrêdoa foi realizada com um posado.,2.475,10,0.7368,,5.0856,4.6728,4.9004,4.5667,4.7544,3.7145,3.4728,4.1812,5.0856,nisqa_overall,ok,
unsloth,original,v3,96,unsloth\outputs_final_experiment\original\v3\096.wav,O parque abriu normalmente.,O parque abriu normalmente.,1.963,0,1.0,,4.7815,4.6983,4.594,4.3191,4.586,3.6536,3.4273,4.0415,4.7815,nisqa_overall,ok,
unsloth,ajustado,v1,1,unsloth\outputs_final_experiment\ajustado\v1\001.wav,Hoje o trânsito estava tranquilo.,,0.171,32,0.0,,2.895,3.0318,3.4121,2.9679,3.0392,2.5266,2.4957,2.4278,2.895,nisqa_overall,ok,
unsloth,ajustado,v1,6,unsloth\outputs_final_experiment\ajustado\v1\006.wav,A previsão indica possibilidade de chuva forte entre o final da tarde e o início da noite.,A previsão indica que possui fazer de chuva forte entre o final da tarde e o fim da noite.,11.179,16,0.8202,,4.318,3.7527,4.5004,4.2323,4.4534,3.4601,3.5959,3.9723,4.318,nisqa_overall,ok,
unsloth,ajustado,v1,11,unsloth\outputs_final_experiment\ajustado\v1\011.wav,Ainda não recebi a confirmação da inscrição.,,0.171,43,0.0,,2.895,3.0318,3.4121,2.9679,3.0392,2.5266,2.4957,2.4278,2.895,nisqa_overall,ok,
unsloth,ajustado,v1,16,unsloth\outputs_final_experiment\ajustado\v1\016.wav,Meu avô sempre contava histórias interessantes sobre a época em que morava no sertão.,Meu avô sempre contava histórias interessantes sobre a época em que morava no sertão.,7.765,0,1.0,,4.2552,3.3576,4.4097,4.1515,4.3727,3.9111,3.694,4.1391,4.2552,nisqa_overall,ok,
unsloth,ajustado,v1,21,unsloth\outputs_final_experiment\ajustado\v1\021.wav,O professor pediu que os alunos entregassem os trabalhos até a próxima semana.,O professor pediu que usei...,8.192,51,0.3377,,4.0018,2.7158,4.293,3.783,4.0359,3.5771,3.5121,2.9643,4.0018,nisqa_overall,ok,
unsloth,ajustado,v1,26,unsloth\outputs_final_experiment\ajustado\v1\026.wav,Você sabe onde fica a biblioteca central?,,0.683,40,0.0,,3.2142,2.9556,3.6446,3.239,3.2819,2.4309,2.5006,2.5402,3.2142,nisqa_overall,ok,
unsloth,ajustado,v1,31,unsloth\outputs_final_experiment\ajustado\v1\031.wav,O grupo decidiu antecipar a saída.,,0.683,33,0.0,,3.2142,2.9556,3.6446,3.239,3.2819,2.4309,2.5006,2.5402,3.2142,nisqa_overall,ok,
unsloth,ajustado,v1,36,unsloth\outputs_final_experiment\ajustado\v1\036.wav,A praia estava praticamente vazia naquela manhã de terça-feira.,A praia estava praticamente vazia naquela...,4.011,21,0.6613,,4.1631,3.7874,4.5518,4.0379,4.0927,3.1934,3.6744,4.1916,4.1631,nisqa_overall,ok,
unsloth,ajustado,v1,41,unsloth\outputs_final_experiment\ajustado\v1\041.wav,O elevador parou no décimo segundo andar.,,0.512,40,0.0,,3.1306,2.9467,3.5664,3.1685,3.2032,2.474,2.6926,2.618,3.1306,nisqa_overall,ok,
unsloth,ajustado,v1,46,unsloth\outputs_final_experiment\ajustado\v1\046.wav,O motorista precisou escolher uma rota alternativa para evitar um grande congestionamento.,O motorista precisou escolher uma rota alternativa para evitar um grande congestamento.,7.509,3,0.9663,,4.1017,3.7465,4.5051,4.0589,4.3648,3.5422,3.7065,4.1646,4.1017,nisqa_overall,ok,
unsloth,ajustado,v1,51,unsloth\outputs_final_experiment\ajustado\v1\051.wav,O sistema voltou a funcionar normalmente.,,0.171,40,0.0,,2.895,3.0318,3.4121,2.9679,3.0392,2.5266,2.4957,2.4278,2.895,nisqa_overall,ok,
unsloth,ajustado,v1,56,unsloth\outputs_final_experiment\ajustado\v1\056.wav,Na semana passada houve uma queda de energia que afetou vários bairros da cidade.,Na semana passada houve uma queda de energia que afetou vários bairroes da cidade.,8.363,1,0.9877,,4.3405,3.7135,4.5862,4.3837,3.9596,3.2033,3.7111,4.205,4.3405,nisqa_overall,ok,
unsloth,ajustado,v1,61,unsloth\outputs_final_experiment\ajustado\v1\061.wav,A reunião começou às nove horas.,,0.171,31,0.0,,2.895,3.0318,3.4121,2.9679,3.0392,2.5266,2.4957,2.4278,2.895,nisqa_overall,ok,
unsloth,ajustado,v1,66,unsloth\outputs_final_experiment\ajustado\v1\066.wav,O atendimento foi rápido.,O atributo foi rápido.,1.707,6,0.75,,3.5551,3.7203,4.3448,3.9055,4.1113,3.2912,3.4994,4.0503,3.5551,nisqa_overall,ok,
unsloth,ajustado,v1,71,unsloth\outputs_final_experiment\ajustado\v1\071.wav,O médico chegou pontualmente.,,0.085,28,0.0,,,,,,,2.3643,2.734,2.7933,2.7933,dns_ovrl,ok,
unsloth,ajustado,v1,76,unsloth\outputs_final_experiment\ajustado\v1\076.wav,A professora respondeu às dúvidas dos alunos antes do encerramento da aula.,A professora responde às dúvidas duas. Vou dizer antes do encerramento à aula.,8.277,13,0.8289,,4.2883,3.645,4.5268,4.28,4.4318,3.784,3.7466,4.1912,4.2883,nisqa_overall,ok,
unsloth,ajustado,v1,81,unsloth\outputs_final_experiment\ajustado\v1\081.wav,Hoje foi um dia tranquilo.,,0.256,25,0.0,,2.9502,2.9108,3.4222,3.0483,3.0676,2.46,2.6903,2.6453,2.9502,nisqa_overall,ok,
unsloth,ajustado,v1,86,unsloth\outputs_final_experiment\ajustado\v1\086.wav,"Enquanto caminhava pela orla, observei crianças brincando e pessoas praticando esportes.","enquanto caminhava pela ola. Observei crianças brincando, pessoas praticando escor.",6.656,7,0.9186,,3.7964,3.383,4.233,3.9829,3.9896,3.5073,3.5564,4.1213,3.7964,nisqa_overall,ok,
unsloth,ajustado,v1,91,unsloth\outputs_final_experiment\ajustado\v1\091.wav,A entrega foi realizada com sucesso.,,0.341,35,0.0,,3.0773,2.9577,3.527,3.1281,3.1612,2.499,2.3262,2.2639,3.0773,nisqa_overall,ok,
unsloth,ajustado,v1,96,unsloth\outputs_final_experiment\ajustado\v1\096.wav,O parque abriu normalmente.,,0.085,26,0.0,,,,,,,2.3643,2.734,2.7933,2.7933,dns_ovrl,ok,
unsloth,ajustado,v2,1,unsloth\outputs_final_experiment\ajustado\v2\001.wav,Hoje o trânsito estava tranquilo.,,0.341,32,0.0,,3.1378,2.9756,3.5667,3.1708,3.199,2.4926,2.2729,2.1852,3.1378,nisqa_overall,ok,
unsloth,ajustado,v2,6,unsloth\outputs_final_experiment\ajustado\v2\006.wav,A previsão indica possibilidade de chuva forte entre o final da tarde e o início da noite.,A previsão indica o possível a de chuva forte entre o final da tarde e o insiste da noite.,6.485,14,0.8427,,4.5163,3.9021,4.6941,4.416,4.5938,3.9491,3.7466,4.138,4.5163,nisqa_overall,ok,
unsloth,ajustado,v2,11,unsloth\outputs_final_experiment\ajustado\v2\011.wav,Ainda não recebi a confirmação da inscrição.,,0.171,43,0.0,,2.548,2.9268,3.1348,2.7079,2.7646,2.519,2.4944,2.4492,2.548,nisqa_overall,ok,
unsloth,ajustado,v2,16,unsloth\outputs_final_experiment\ajustado\v2\016.wav,Meu avô sempre contava histórias interessantes sobre a época em que morava no sertão.,Meu avô sempre contava histórias interessantes sobre a época em que morava no cercão.,5.803,2,0.9762,,3.9012,3.0049,4.0131,4.0424,3.631,3.5419,3.6661,4.1295,3.9012,nisqa_overall,ok,
unsloth,ajustado,v2,21,unsloth\outputs_final_experiment\ajustado\v2\021.wav,O professor pediu que os alunos entregassem os trabalhos até a próxima semana.,O professor pediu que os aioso entregassem.,7.68,38,0.5065,,3.9231,2.7528,4.4346,4.1058,3.9616,3.0311,3.5408,3.6415,3.9231,nisqa_overall,ok,
unsloth,ajustado,v2,26,unsloth\outputs_final_experiment\ajustado\v2\026.wav,Você sabe onde fica a biblioteca central?,,0.341,40,0.0,,3.1378,2.9756,3.5667,3.1708,3.199,2.4926,2.2729,2.1852,3.1378,nisqa_overall,ok,
unsloth,ajustado,v2,31,unsloth\outputs_final_experiment\ajustado\v2\031.wav,O grupo decidiu antecipar a saída.,,0.341,33,0.0,,3.1378,2.9756,3.5667,3.1708,3.199,2.4926,2.2729,2.1852,3.1378,nisqa_overall,ok,
unsloth,ajustado,v2,36,unsloth\outputs_final_experiment\ajustado\v2\036.wav,A praia estava praticamente vazia naquela manhã de terça-feira.,"A praia estava praticamente vazia naquela manhã, a vivessa.",4.779,11,0.8226,,4.0883,3.8132,4.5397,4.0083,3.7497,3.4237,3.6647,4.1018,4.0883,nisqa_overall,ok,
unsloth,ajustado,v2,41,unsloth\outputs_final_experiment\ajustado\v2\041.wav,O elevador parou no décimo segundo andar.,,0.341,40,0.0,,3.1378,2.9756,3.5667,3.1708,3.199,2.4926,2.2729,2.1852,3.1378,nisqa_overall,ok,
unsloth,ajustado,v2,46,unsloth\outputs_final_experiment\ajustado\v2\046.wav,O motorista precisou escolher uma rota alternativa para evitar um grande congestionamento.,O motorista precisou escolher uma rota alternativa para evitar um grande congestramento.,9.045,3,0.9663,,3.7221,3.1937,4.2813,3.8256,4.1289,3.9804,3.6478,4.0195,3.7221,nisqa_overall,ok,
unsloth,ajustado,v2,51,unsloth\outputs_final_experiment\ajustado\v2\051.wav,O sistema voltou a funcionar normalmente.,,0.341,40,0.0,,3.1378,2.9756,3.5667,3.1708,3.199,2.4926,2.2729,2.1852,3.1378,nisqa_overall,ok,
unsloth,ajustado,v2,56,unsloth\outputs_final_experiment\ajustado\v2\056.wav,Na semana passada houve uma queda de energia que afetou vários bairros da cidade.,"Na semana passada, houve uma queda de energia que afetou vários bairros de acidar.",6.571,4,0.95,,4.5372,3.9339,4.57,4.3934,4.6166,3.6863,3.582,3.932,4.5372,nisqa_overall,ok,
unsloth,ajustado,v2,61,unsloth\outputs_final_experiment\ajustado\v2\061.wav,A reunião começou às nove horas.,,0.341,31,0.0,,3.1378,2.9756,3.5667,3.1708,3.199,2.4926,2.2729,2.1852,3.1378,nisqa_overall,ok,
unsloth,ajustado,v2,66,unsloth\outputs_final_experiment\ajustado\v2\066.wav,O atendimento foi rápido.,O item de fã foi rápido.,1.536,8,0.6667,,4.1375,3.0907,4.5532,4.1752,4.2804,3.6068,3.3523,3.5577,4.1375,nisqa_overall,ok,
unsloth,ajustado,v2,71,unsloth\outputs_final_experiment\ajustado\v2\071.wav,O médico chegou pontualmente.,,0.427,28,0.0,,3.13,2.9353,3.5659,3.1766,3.2044,2.429,2.282,2.2144,3.13,nisqa_overall,ok,
unsloth,ajustado,v2,76,unsloth\outputs_final_experiment\ajustado\v2\076.wav,A professora respondeu às dúvidas dos alunos antes do encerramento da aula.,A professora respondeu às dúvidas dos joeiros antes do encerramento.,6.315,13,0.8243,,4.32,3.7093,4.4872,4.2004,4.4132,3.4963,3.5945,4.0671,4.32,nisqa_overall,ok,
unsloth,ajustado,v2,81,unsloth\outputs_final_experiment\ajustado\v2\081.wav,Hoje foi um dia tranquilo.,,0.427,25,0.0,,3.13,2.9353,3.5659,3.1766,3.2044,2.429,2.282,2.2144,3.13,nisqa_overall,ok,
unsloth,ajustado,v2,86,unsloth\outputs_final_experiment\ajustado\v2\086.wav,"Enquanto caminhava pela orla, observei crianças brincando e pessoas praticando esportes.","E quanto caminhava até a hora, observava crianças brincando e pessoas praticando.",12.117,19,0.7791,,3.5625,3.2656,4.1544,3.8051,3.7093,3.888,3.506,4.0283,3.5625,nisqa_overall,ok,
unsloth,ajustado,v2,91,unsloth\outputs_final_experiment\ajustado\v2\091.wav,A entrega foi realizada com sucesso.,,0.256,35,0.0,,2.9655,2.9297,3.4237,3.0508,3.0512,2.4668,2.6914,2.6377,2.9655,nisqa_overall,ok,
unsloth,ajustado,v2,96,unsloth\outputs_final_experiment\ajustado\v2\096.wav,O parque abriu normalmente.,,0.427,26,0.0,,3.13,2.9353,3.5659,3.1766,3.2044,2.429,2.282,2.2144,3.13,nisqa_overall,ok,
unsloth,ajustado,v3,1,unsloth\outputs_final_experiment\ajustado\v3\001.wav,Hoje o trânsito estava tranquilo.,,0.171,32,0.0,,2.598,2.9559,3.187,2.7786,2.7994,2.53,2.425,2.3476,2.598,nisqa_overall,ok,
unsloth,ajustado,v3,6,unsloth\outputs_final_experiment\ajustado\v3\006.wav,A previsão indica possibilidade de chuva forte entre o final da tarde e o início da noite.,A previsão indica possibilidades de chuva forte entre...,4.181,38,0.573,,4.2227,3.0222,4.6303,4.1746,4.4479,3.7193,3.7071,4.1691,4.2227,nisqa_overall,ok,
unsloth,ajustado,v3,11,unsloth\outputs_final_experiment\ajustado\v3\011.wav,Ainda não recebi a confirmação da inscrição.,,0.171,43,0.0,,2.598,2.9559,3.187,2.7786,2.7994,2.53,2.425,2.3476,2.598,nisqa_overall,ok,
unsloth,ajustado,v3,16,unsloth\outputs_final_experiment\ajustado\v3\016.wav,Meu avô sempre contava histórias interessantes sobre a época em que morava no sertão.,Meu avô sempre contava histórias interessantes sobre a época em que morava no sertão.,6.656,0,1.0,,4.5271,3.8287,4.5471,4.1506,4.4661,3.5182,3.6494,4.0724,4.5271,nisqa_overall,ok,
unsloth,ajustado,v3,21,unsloth\outputs_final_experiment\ajustado\v3\021.wav,O professor pediu que os alunos entregassem os trabalhos até a próxima semana.,O professor pediu que os J.L.O.s entregassem os trabalhos até a próxima semana.,8.448,5,0.9359,,3.7896,2.7653,4.4014,4.0893,3.6643,3.6949,3.7151,4.0274,3.7896,nisqa_overall,ok,
unsloth,ajustado,v3,26,unsloth\outputs_final_experiment\ajustado\v3\026.wav,Você sabe onde fica a biblioteca central?,,0.341,40,0.0,,3.0334,2.926,3.4744,3.104,3.1194,2.5353,2.2912,2.2162,3.0334,nisqa_overall,ok,
unsloth,ajustado,v3,31,unsloth\outputs_final_experiment\ajustado\v3\031.wav,O grupo decidiu antecipar a saída.,,0.427,33,0.0,,3.1813,2.9814,3.6287,3.2021,3.2422,2.4695,2.2839,2.2249,3.1813,nisqa_overall,ok,
unsloth,ajustado,v3,36,unsloth\outputs_final_experiment\ajustado\v3\036.wav,A praia estava praticamente vazia naquela manhã de terça-feira.,A pai... Estava praticamente... de...,8.96,34,0.4516,,4.2187,3.0931,4.5034,4.2776,4.2538,3.1216,3.5253,3.9413,4.2187,nisqa_overall,ok,
unsloth,ajustado,v3,41,unsloth\outputs_final_experiment\ajustado\v3\041.wav,O elevador parou no décimo segundo andar.,,0.427,40,0.0,,3.1813,2.9814,3.6287,3.2021,3.2422,2.4695,2.2839,2.2249,3.1813,nisqa_overall,ok,
unsloth,ajustado,v3,46,unsloth\outputs_final_experiment\ajustado\v3\046.wav,O motorista precisou escolher uma rota alternativa para evitar um grande congestionamento.,O motorista precisou escolher uma rota alternativa para evitar um grande conche de onamento.,5.803,6,0.9341,,4.5548,3.1397,4.7011,4.2649,4.3613,3.6889,3.7077,4.1491,4.5548,nisqa_overall,ok,
unsloth,ajustado,v3,51,unsloth\outputs_final_experiment\ajustado\v3\051.wav,O sistema voltou a funcionar normalmente.,,0.341,40,0.0,,3.0334,2.926,3.4744,3.104,3.1194,2.5353,2.2912,2.2162,3.0334,nisqa_overall,ok,
unsloth,ajustado,v3,56,unsloth\outputs_final_experiment\ajustado\v3\056.wav,Na semana passada houve uma queda de energia que afetou vários bairros da cidade.,"Na semana passada, houve uma queda de energia que afetou vários bairros da cidade.",8.192,0,1.0,,4.1223,3.6517,4.3899,4.158,4.3267,3.8939,3.7616,4.1721,4.1223,nisqa_overall,ok,
unsloth,ajustado,v3,61,unsloth\outputs_final_experiment\ajustado\v3\061.wav,A reunião começou às nove horas.,,0.341,31,0.0,,3.0334,2.926,3.4744,3.104,3.1194,2.5353,2.2912,2.2162,3.0334,nisqa_overall,ok,
unsloth,ajustado,v3,66,unsloth\outputs_final_experiment\ajustado\v3\066.wav,O atendimento foi rápido.,土aces,1.621,22,0.0833,,3.5821,3.144,4.0894,3.7811,3.94,3.3322,3.6123,4.1185,3.5821,nisqa_overall,ok,
unsloth,ajustado,v3,71,unsloth\outputs_final_experiment\ajustado\v3\071.wav,O médico chegou pontualmente.,,0.341,28,0.0,,3.0334,2.926,3.4744,3.104,3.1194,2.5353,2.2912,2.2162,3.0334,nisqa_overall,ok,
unsloth,ajustado,v3,76,unsloth\outputs_final_experiment\ajustado\v3\076.wav,A professora respondeu às dúvidas dos alunos antes do encerramento da aula.,"A professora respondeu às duvas dos chiores, antes do encerramento da aula.",5.12,9,0.8784,,4.289,3.733,4.3813,3.9783,4.3531,3.6745,3.6734,3.8776,4.289,nisqa_overall,ok,
unsloth,ajustado,v3,81,unsloth\outputs_final_experiment\ajustado\v3\081.wav,Hoje foi um dia tranquilo.,,0.256,25,0.0,,3.145,3.0104,3.599,3.1788,3.197,2.4671,2.6873,2.6351,3.145,nisqa_overall,ok,
unsloth,ajustado,v3,86,unsloth\outputs_final_experiment\ajustado\v3\086.wav,"Enquanto caminhava pela orla, observei crianças brincando e pessoas praticando esportes.","enquanto caminhava pela orva, observe crianças brincando e passou... ...trapicando...",12.629,16,0.814,,3.7916,3.2916,4.232,3.742,3.8407,4.1026,3.6028,4.169,3.7916,nisqa_overall,ok,
unsloth,ajustado,v3,91,unsloth\outputs_final_experiment\ajustado\v3\091.wav,A entrega foi realizada com sucesso.,,0.256,35,0.0,,3.145,3.0104,3.599,3.1788,3.197,2.4671,2.6873,2.6351,3.145,nisqa_overall,ok,
unsloth,ajustado,v3,96,unsloth\outputs_final_experiment\ajustado\v3\096.wav,O parque abriu normalmente.,,0.256,26,0.0,,3.145,3.0104,3.599,3.1788,3.197,2.4671,2.6873,2.6351,3.145,nisqa_overall,ok,
xtts,original,v1,1,xtts\outputs_final_experiment\original\v1\001.wav,Hoje o trânsito estava tranquilo.,Hoje o trânsito estava tranquilo.,2.315,0,1.0,,2.9223,3.4544,2.8792,2.8625,3.3362,3.5228,3.3143,3.3438,2.9223,nisqa_overall,ok,
xtts,original,v1,6,xtts\outputs_final_experiment\original\v1\006.wav,A previsão indica possibilidade de chuva forte entre o final da tarde e o início da noite.,A previsão indica a possibilidade de chuva forte entre o final da tarde e o início da noite.,5.152,2,0.978,,2.9273,3.1675,2.95,2.9695,3.2798,3.666,3.3342,3.8088,2.9273,nisqa_overall,ok,
xtts,original,v1,11,xtts\outputs_final_experiment\original\v1\011.wav,Ainda não recebi a confirmação da inscrição.,ainda não recebi a confirmação da inscrição.,3.851,0,1.0,,3.1463,3.5697,3.3943,2.7262,3.2747,3.6949,3.3042,3.3485,3.1463,nisqa_overall,ok,
xtts,original,v1,16,xtts\outputs_final_experiment\original\v1\016.wav,Meu avô sempre contava histórias interessantes sobre a época em que morava no sertão.,Meu avô sempre contava histórias interessantes sobre a época em que morava no sertão.,6.592,0,1.0,,3.0022,3.2974,2.6186,2.856,3.5134,3.8991,3.5144,4.0178,3.0022,nisqa_overall,ok,
xtts,original,v1,21,xtts\outputs_final_experiment\original\v1\021.wav,O professor pediu que os alunos entregassem os trabalhos até a próxima semana.,O professor pediu que os alunos entregassem os trabalhos até a próxima semana.,5.056,0,1.0,,3.8618,3.828,4.2333,3.5482,3.9185,3.7505,3.5573,3.9104,3.8618,nisqa_overall,ok,
xtts,original,v1,26,xtts\outputs_final_experiment\original\v1\026.wav,Você sabe onde fica a biblioteca central?,Você sabe onde fica a biblioteca central?,3.243,0,1.0,,3.7582,4.1926,4.021,3.2808,3.9508,3.8496,3.4734,3.79,3.7582,nisqa_overall,ok,
xtts,original,v1,31,xtts\outputs_final_experiment\original\v1\031.wav,O grupo decidiu antecipar a saída.,O grupo decidiu antecipar a sair.,2.368,3,0.9091,,3.6772,3.8532,3.2867,3.3128,3.8837,3.457,3.454,4.1157,3.6772,nisqa_overall,ok,
xtts,original,v1,36,xtts\outputs_final_experiment\original\v1\036.wav,A praia estava praticamente vazia naquela manhã de terça-feira.,A praia estava praticamente vazia naquela manhã de terça-feira.,4.501,0,1.0,,3.088,3.4902,2.3548,3.1215,3.4165,3.6982,3.3387,4.0363,3.088,nisqa_overall,ok,
xtts,original,v1,41,xtts\outputs_final_experiment\original\v1\041.wav,O elevador parou no décimo segundo andar.,O elevador parou no 10º andar.,8.725,14,0.65,,1.4608,1.8588,1.7878,2.0229,2.558,2.6089,3.3138,3.8154,1.4608,nisqa_overall,ok,
xtts,original,v1,46,xtts\outputs_final_experiment\original\v1\046.wav,O motorista precisou escolher uma rota alternativa para evitar um grande congestionamento.,O motorista precisou escolher uma rota alternativa para evitar um grande congestionamento.,6.869,0,1.0,,2.0382,1.9592,2.2563,2.2337,2.5539,3.383,3.4251,2.1824,2.0382,nisqa_overall,ok,
xtts,original,v1,51,xtts\outputs_final_experiment\original\v1\051.wav,O sistema voltou a funcionar normalmente.,o sistema voltou a funcionar normalmente.,3.339,0,1.0,,3.5608,2.3209,4.1312,3.4676,3.6371,3.8309,3.6706,4.1164,3.5608,nisqa_overall,ok,
xtts,original,v1,56,xtts\outputs_final_experiment\original\v1\056.wav,Na semana passada houve uma queda de energia que afetou vários bairros da cidade.,"Na semana passada, houve uma queda de energia que afetou vários bairros da cidade.",5.525,0,1.0,,2.57,2.1779,2.5001,2.7314,3.0097,3.9421,3.4978,3.9964,2.57,nisqa_overall,ok,
xtts,original,v1,61,xtts\outputs_final_experiment\original\v1\061.wav,A reunião começou às nove horas.,A reunião começou às nove horas.,4.597,0,1.0,,1.1802,1.626,1.8435,1.9011,1.6697,2.4036,1.3279,1.1816,1.1802,nisqa_overall,ok,
xtts,original,v1,66,xtts\outputs_final_experiment\original\v1\066.wav,O atendimento foi rápido.,O atendimento foi rápido.,2.688,0,1.0,,2.2116,1.5609,2.6971,1.9543,3.0788,3.2567,3.0891,3.4635,2.2116,nisqa_overall,ok,
xtts,original,v1,71,xtts\outputs_final_experiment\original\v1\071.wav,O médico chegou pontualmente.,O médico chegou pontualmente.,1.995,0,1.0,,2.7218,3.896,3.0147,2.5703,3.337,3.7103,3.4918,4.0398,2.7218,nisqa_overall,ok,
xtts,original,v1,76,xtts\outputs_final_experiment\original\v1\076.wav,A professora respondeu às dúvidas dos alunos antes do encerramento da aula.,A professora respondeu às dúvidas dos alunos antes do encerramento da aula.,4.736,0,1.0,,3.1939,3.2559,2.9191,3.6796,4.0961,3.6513,3.647,4.1147,3.1939,nisqa_overall,ok,
xtts,original,v1,81,xtts\outputs_final_experiment\original\v1\081.wav,Hoje foi um dia tranquilo.,Hoje foi um dia tranquilo.,2.592,0,1.0,,3.6307,3.1592,4.1451,3.6157,4.0219,3.6087,3.0586,3.6533,3.6307,nisqa_overall,ok,
xtts,original,v1,86,xtts\outputs_final_experiment\original\v1\086.wav,"Enquanto caminhava pela orla, observei crianças brincando e pessoas praticando esportes.","Enquanto caminhava pela ola, observei crianças brincando e pessoas praticando esportes.",9.376,1,0.9884,,2.8665,2.832,2.5585,3.0362,3.6623,3.9416,3.2298,3.953,2.8665,nisqa_overall,ok,
xtts,original,v1,91,xtts\outputs_final_experiment\original\v1\091.wav,A entrega foi realizada com sucesso.,A entrega foi realizada com sucesso.,2.549,0,1.0,,2.6603,3.3918,2.4998,3.0939,3.3316,3.037,3.372,4.062,2.6603,nisqa_overall,ok,
xtts,original,v1,96,xtts\outputs_final_experiment\original\v1\096.wav,O parque abriu normalmente.,O parque abriu normalmente.,2.368,0,1.0,,2.1089,2.832,2.3606,2.395,3.1143,2.974,3.1493,3.0389,2.1089,nisqa_overall,ok,
xtts,original,v2,1,xtts\outputs_final_experiment\original\v2\001.wav,Hoje o trânsito estava tranquilo.,Hoje o trânsito estava tranquilo.,2.037,0,1.0,,3.0743,3.5582,3.4,3.2823,3.5118,3.621,3.1743,3.541,3.0743,nisqa_overall,ok,
xtts,original,v2,6,xtts\outputs_final_experiment\original\v2\006.wav,A previsão indica possibilidade de chuva forte entre o final da tarde e o início da noite.,A previsão indica a possibilidade de chuva forte entre o final da tarde e o início da noite.,5.611,2,0.978,,2.7409,2.5199,2.6729,2.6711,3.1732,3.5798,3.3186,2.7448,2.7409,nisqa_overall,ok,
xtts,original,v2,11,xtts\outputs_final_experiment\original\v2\011.wav,Ainda não recebi a confirmação da inscrição.,ainda não recebia a confirmação da inscrição.,3.157,1,0.9773,,3.8694,3.908,4.2402,3.4131,3.6053,3.7221,3.4425,3.1881,3.8694,nisqa_overall,ok,
xtts,original,v2,16,xtts\outputs_final_experiment\original\v2\016.wav,Meu avô sempre contava histórias interessantes sobre a época em que morava no sertão.,Meu avô sempre contava histórias interessantes sobre a época em que morava no sertão.,5.472,0,1.0,,4.5498,4.1256,4.6338,3.9785,4.2373,4.0079,3.5278,3.9163,4.5498,nisqa_overall,ok,
xtts,original,v2,21,xtts\outputs_final_experiment\original\v2\021.wav,O professor pediu que os alunos entregassem os trabalhos até a próxima semana.,O professor pediu que os alunos entregassem os trabalhos até a próxima semana.,4.363,0,1.0,,4.0631,4.027,4.4646,3.7652,4.0241,3.6241,3.5816,4.0896,4.0631,nisqa_overall,ok,
xtts,original,v2,26,xtts\outputs_final_experiment\original\v2\026.wav,Você sabe onde fica a biblioteca central?,Você sabe onde fica a biblioteca central.,2.869,0,1.0,,4.0177,3.9829,4.5203,3.828,4.1609,3.6513,3.3306,4.0106,4.0177,nisqa_overall,ok,
xtts,original,v2,31,xtts\outputs_final_experiment\original\v2\031.wav,O grupo decidiu antecipar a saída.,O grupo decidiu antecipar a saída.,2.592,0,1.0,,4.023,3.9351,3.9878,3.4569,3.9942,3.6237,3.5295,4.0562,4.023,nisqa_overall,ok,
xtts,original,v2,36,xtts\outputs_final_experiment\original\v2\036.wav,A praia estava praticamente vazia naquela manhã de terça-feira.,A praia estava praticamente vazia naquela manhã de terça-feira.,4.085,0,1.0,,3.0736,3.4131,3.419,3.137,3.3111,3.4178,3.2538,3.7388,3.0736,nisqa_overall,ok,
xtts,original,v2,41,xtts\outputs_final_experiment\original\v2\041.wav,O elevador parou no décimo segundo andar.,O elevador parou no décimo segundo andar.,2.827,0,1.0,,1.9727,2.2269,2.0633,2.263,2.7874,3.0401,3.1668,3.0791,1.9727,nisqa_overall,ok,
xtts,original,v2,46,xtts\outputs_final_experiment\original\v2\046.wav,O motorista precisou escolher uma rota alternativa para evitar um grande congestionamento.,O motorista precisou escolher uma rota alternativa para evitar um grande congestionamento.,5.888,0,1.0,,2.4573,2.281,2.5846,2.5363,3.0285,3.6429,3.3159,2.28,2.4573,nisqa_overall,ok,
xtts,original,v2,51,xtts\outputs_final_experiment\original\v2\051.wav,O sistema voltou a funcionar normalmente.,O sistema voltou a funcionar normalmente.,2.965,0,1.0,,4.3036,3.6917,4.5471,4.0896,4.4121,3.7705,3.6374,4.1038,4.3036,nisqa_overall,ok,
xtts,original,v2,56,xtts\outputs_final_experiment\original\v2\056.wav,Na semana passada houve uma queda de energia que afetou vários bairros da cidade.,"Na semana passada, houve uma queda de energia que afetou vários bairros da cidade.",6.869,0,1.0,,2.8002,2.528,2.8018,3.0058,2.9336,4.0226,3.5736,4.053,2.8002,nisqa_overall,ok,
xtts,original,v2,61,xtts\outputs_final_experiment\original\v2\061.wav,A reunião começou às nove horas.,A reunião começou às 9 horas.,2.219,4,0.871,,1.6614,1.6676,2.1427,1.9515,2.5475,3.3565,3.377,3.2883,1.6614,nisqa_overall,ok,
xtts,original,v2,66,xtts\outputs_final_experiment\original\v2\066.wav,O atendimento foi rápido.,o atendimento foi rápido.,1.76,0,1.0,,1.8724,1.9758,2.2901,2.1058,2.7523,2.9054,2.7672,3.1958,1.8724,nisqa_overall,ok,
xtts,original,v2,71,xtts\outputs_final_experiment\original\v2\071.wav,O médico chegou pontualmente.,O médico chegou pontualmente.,2.176,0,1.0,,3.5579,3.98,4.4985,3.6137,3.8863,3.7698,3.4505,3.9585,3.5579,nisqa_overall,ok,
xtts,original,v2,76,xtts\outputs_final_experiment\original\v2\076.wav,A professora respondeu às dúvidas dos alunos antes do encerramento da aula.,A professora respondeu às dúvidas dos alunos antes do encerramento da aula.,4.267,0,1.0,,3.7624,4.0764,4.5491,3.6483,4.0035,3.6862,3.5542,3.8358,3.7624,nisqa_overall,ok,
xtts,original,v2,81,xtts\outputs_final_experiment\original\v2\081.wav,Hoje foi um dia tranquilo.,Hoje foi um dia tranquilo.,1.856,0,1.0,,2.4828,2.8202,2.6102,2.994,3.4491,3.4454,2.9582,3.4371,2.4828,nisqa_overall,ok,
xtts,original,v2,86,xtts\outputs_final_experiment\original\v2\086.wav,"Enquanto caminhava pela orla, observei crianças brincando e pessoas praticando esportes.","Enquanto caminhava pela orla, observei crianças brincando e pessoas praticando esportes.",7.243,0,1.0,,3.3502,3.0522,3.9761,3.2354,3.8335,3.7319,3.3854,3.9998,3.3502,nisqa_overall,ok,
xtts,original,v2,91,xtts\outputs_final_experiment\original\v2\091.wav,A entrega foi realizada com sucesso.,A entrega foi realizada com sucesso.,2.923,0,1.0,,2.4328,2.3048,2.0944,3.016,3.85,2.9412,3.4065,3.6109,2.4328,nisqa_overall,ok,
xtts,original,v2,96,xtts\outputs_final_experiment\original\v2\096.wav,O parque abriu normalmente.,O parque abriu normalmente.,2.219,0,1.0,,2.16,2.7875,2.6355,2.3676,3.2248,2.8185,3.1806,3.5991,2.16,nisqa_overall,ok,
xtts,original,v3,1,xtts\outputs_final_experiment\original\v3\001.wav,Hoje o trânsito estava tranquilo.,Hoje o trânsito estava tranquilo.,1.995,0,1.0,,3.1197,3.4368,2.8939,3.4378,3.8752,3.4629,2.9984,3.3385,3.1197,nisqa_overall,ok,
xtts,original,v3,6,xtts\outputs_final_experiment\original\v3\006.wav,A previsão indica possibilidade de chuva forte entre o final da tarde e o início da noite.,A previsão indica possibilidade de chuva forte entre o final da tarde e o início da noite.,5.195,0,1.0,,3.1399,2.5465,3.5021,3.137,3.6753,3.6866,3.3552,3.811,3.1399,nisqa_overall,ok,
xtts,original,v3,11,xtts\outputs_final_experiment\original\v3\011.wav,Ainda não recebi a confirmação da inscrição.,ainda não recebi a confirmação da inscrição.,4.683,0,1.0,,2.8883,2.972,2.8256,2.8337,3.016,3.886,3.598,4.053,2.8883,nisqa_overall,ok,
xtts,original,v3,16,xtts\outputs_final_experiment\original\v3\016.wav,Meu avô sempre contava histórias interessantes sobre a época em que morava no sertão.,Nilavô sempre contava histórias interessantes sobre a época em que morava no sertão.,6.453,4,0.9524,,3.7994,2.9478,4.3917,3.5424,3.9181,3.8324,3.5426,3.6076,3.7994,nisqa_overall,ok,
xtts,original,v3,21,xtts\outputs_final_experiment\original\v3\021.wav,O professor pediu que os alunos entregassem os trabalhos até a próxima semana.,O professor pediu que os alunos entregassem os trabalhos até a próxima semana.,4.597,0,1.0,,3.568,3.9813,3.7218,3.3051,3.8374,3.7062,3.4309,3.6765,3.568,nisqa_overall,ok,
xtts,original,v3,26,xtts\outputs_final_experiment\original\v3\026.wav,Você sabe onde fica a biblioteca central?,Você sabe onde fica a biblioteca central?,2.965,0,1.0,,3.6772,3.7099,3.7551,3.1509,3.5647,4.0268,3.4893,3.9506,3.6772,nisqa_overall,ok,
xtts,original,v3,31,xtts\outputs_final_experiment\original\v3\031.wav,O grupo decidiu antecipar a saída.,O grupo decidiu antecipar a sair.,2.272,3,0.9091,,4.5887,4.1711,4.4634,3.9562,4.4195,3.7173,3.5068,3.9826,4.5887,nisqa_overall,ok,
xtts,original,v3,36,xtts\outputs_final_experiment\original\v3\036.wav,A praia estava praticamente vazia naquela manhã de terça-feira.,A praia estava praticamente vazia naquela manhã de terça-feira.,5.749,0,1.0,,3.2869,3.3573,3.127,3.2344,3.715,3.677,3.3999,3.6916,3.2869,nisqa_overall,ok,
xtts,original,v3,41,xtts\outputs_final_experiment\original\v3\041.wav,O elevador parou no décimo segundo andar.,O elevador parou no décimo segundo andar.,2.645,0,1.0,,2.0656,2.7531,2.1872,2.269,2.6406,3.0669,3.1151,2.5892,2.0656,nisqa_overall,ok,
xtts,original,v3,46,xtts\outputs_final_experiment\original\v3\046.wav,O motorista precisou escolher uma rota alternativa para evitar um grande congestionamento.,O motorista precisou escolher uma rota alternativa para evitar.,8.768,27,0.6966,,2.1716,1.8971,2.6955,2.5825,2.7749,3.322,3.4132,2.6248,2.1716,nisqa_overall,ok,
xtts,original,v3,51,xtts\outputs_final_experiment\original\v3\051.wav,O sistema voltou a funcionar normalmente.,O sistema voltou a funcionar normalmente.,2.592,0,1.0,,4.1295,3.9876,4.317,3.6925,4.2406,4.019,3.6765,4.1608,4.1295,nisqa_overall,ok,
xtts,original,v3,56,xtts\outputs_final_experiment\original\v3\056.wav,Na semana passada houve uma queda de energia que afetou vários bairros da cidade.,"Na semana passada, houve uma queda de energia que afetou vários bairros da cidade.",7.243,0,1.0,,3.254,2.5286,3.2298,3.3351,3.3648,4.1176,3.5637,3.7567,3.254,nisqa_overall,ok,
xtts,original,v3,61,xtts\outputs_final_experiment\original\v3\061.wav,A reunião começou às nove horas.,A reunião começou às 9 horas.,2.176,4,0.871,,1.9644,1.8675,2.3533,2.0205,2.5094,3.3475,2.9179,3.1001,1.9644,nisqa_overall,ok,
xtts,original,v3,66,xtts\outputs_final_experiment\original\v3\066.wav,O atendimento foi rápido.,O atendimento foi rápido.,1.664,0,1.0,,1.0,1.3443,1.855,1.8698,2.1531,3.086,3.0656,2.1585,1.0,nisqa_overall,ok,
xtts,original,v3,71,xtts\outputs_final_experiment\original\v3\071.wav,O médico chegou pontualmente.,O médico chegou pontualmente.,2.133,0,1.0,,3.3084,3.7535,4.1997,2.9478,3.7037,3.6023,3.3091,3.802,3.3084,nisqa_overall,ok,
xtts,original,v3,76,xtts\outputs_final_experiment\original\v3\076.wav,A professora respondeu às dúvidas dos alunos antes do encerramento da aula.,A professora respondeu às dúvidas dos alunos antes do encerramento da aula.,4.597,0,1.0,,3.7792,3.9706,4.5525,3.6368,4.0743,3.7007,3.406,3.9557,3.7792,nisqa_overall,ok,
xtts,original,v3,81,xtts\outputs_final_experiment\original\v3\081.wav,Hoje foi um dia tranquilo.,Hoje foi um dia tranquilo.,2.272,0,1.0,,2.3256,3.3673,2.643,2.3275,3.1985,3.699,2.9622,3.9655,2.3256,nisqa_overall,ok,
xtts,original,v3,86,xtts\outputs_final_experiment\original\v3\086.wav,"Enquanto caminhava pela orla, observei crianças brincando e pessoas praticando esportes.","Enquanto caminhava pela ola, observei crianças brincando e pessoas praticando esportes.",7.563,1,0.9884,,3.0356,3.2948,2.599,2.8005,3.5591,3.9228,3.5401,4.109,3.0356,nisqa_overall,ok,
xtts,original,v3,91,xtts\outputs_final_experiment\original\v3\091.wav,A entrega foi realizada com sucesso.,A entrega foi realizada com sucesso.,3.157,0,1.0,,2.0368,2.4561,2.0269,2.623,3.0089,2.881,3.1196,2.8469,2.0368,nisqa_overall,ok,
xtts,original,v3,96,xtts\outputs_final_experiment\original\v3\096.wav,O parque abriu normalmente.,O parque abriu normalmente.,2.965,0,1.0,,2.5282,2.632,2.8993,2.8312,3.3064,3.0173,3.1075,3.4431,2.5282,nisqa_overall,ok,
xtts,ajustado,v1,1,xtts\outputs_final_experiment\ajustado\v1\001.wav,Hoje o trânsito estava tranquilo.,meetings.,6.176,28,0.125,,3.9512,2.5836,4.2567,3.9573,4.3453,3.7688,3.7489,4.2447,3.9512,nisqa_overall,ok,
xtts,ajustado,v1,6,xtts\outputs_final_experiment\ajustado\v1\006.wav,A previsão indica possibilidade de chuva forte entre o final da tarde e o início da noite.,A previsão indica possibilidade de chuva forte entre o final da tarde e o início da ano 8.,6.453,4,0.9551,,4.0927,2.5337,4.5217,4.1056,4.4117,3.8211,3.6687,3.8863,4.0927,nisqa_overall,ok,
xtts,ajustado,v1,11,xtts\outputs_final_experiment\ajustado\v1\011.wav,Ainda não recebi a confirmação da inscrição.,Ainda não recebi a confirmação da inscrição.,5.237,0,1.0,,3.1074,2.9648,3.3638,3.1297,3.7125,3.9593,3.7531,3.7226,3.1074,nisqa_overall,ok,
xtts,ajustado,v1,16,xtts\outputs_final_experiment\ajustado\v1\016.wav,Meu avô sempre contava histórias interessantes sobre a época em que morava no sertão.,Meu avô sempre contava histórias interessantes sobre a época em que me morava no sertão.,5.749,3,0.9655,,3.3299,2.9545,3.0111,3.2167,3.723,3.9669,3.6727,3.629,3.3299,nisqa_overall,ok,
xtts,ajustado,v1,21,xtts\outputs_final_experiment\ajustado\v1\021.wav,O professor pediu que os alunos entregassem os trabalhos até a próxima semana.,O professor pediu que os arvores entregassem os trabalhos. Até a próxima semana!,5.749,5,0.9359,,3.7472,3.7347,4.2983,3.4775,4.0644,3.8972,3.4897,3.9203,3.7472,nisqa_overall,ok,
xtts,ajustado,v1,26,xtts\outputs_final_experiment\ajustado\v1\026.wav,Você sabe onde fica a biblioteca central?,Muito obrigado e driedwheel ficar.,4.597,32,0.2,,4.0237,3.8143,4.438,3.8718,4.2372,4.0006,3.612,4.0128,4.0237,nisqa_overall,ok,
xtts,ajustado,v1,31,xtts\outputs_final_experiment\ajustado\v1\031.wav,O grupo decidiu antecipar a saída.,"O grupo decidiu antecipar, mas saída.",4.405,2,0.9429,,3.5944,2.4743,4.3075,3.4756,3.9167,3.4416,3.5475,3.8086,3.5944,nisqa_overall,ok,
xtts,ajustado,v1,36,xtts\outputs_final_experiment\ajustado\v1\036.wav,A praia estava praticamente vazia naquela manhã de terça-feira.,"É, o praia estava praticamente vivazia naquela unha de terça-feira.",5.291,8,0.8769,,3.3367,2.507,4.5208,3.7711,3.5941,3.6854,3.5227,4.026,3.3367,nisqa_overall,ok,
xtts,ajustado,v1,41,xtts\outputs_final_experiment\ajustado\v1\041.wav,O elevador parou no décimo segundo andar.,"Elevador parou, e eu vou desce, nem que segundo andar.",5.387,19,0.6275,,2.9839,2.1647,4.2167,3.3939,3.6365,3.1139,2.3492,1.9953,2.9839,nisqa_overall,ok,
xtts,ajustado,v1,46,xtts\outputs_final_experiment\ajustado\v1\046.wav,O motorista precisou escolher uma rota alternativa para evitar um grande congestionamento.,O motorista precisa escolher uma rota alternativa e evitar um grande congestionamento.,7.563,6,0.9326,,2.7977,2.0029,3.5533,3.0639,3.6911,3.4329,3.4999,3.0816,2.7977,nisqa_overall,ok,
xtts,ajustado,v1,51,xtts\outputs_final_experiment\ajustado\v1\051.wav,O sistema voltou a funcionar normalmente.,O sistema voltou a funcionar. Normalmente...,5.749,0,1.0,,3.9417,2.6039,4.3805,4.022,4.151,3.986,3.6586,4.0782,3.9417,nisqa_overall,ok,
xtts,ajustado,v1,56,xtts\outputs_final_experiment\ajustado\v1\056.wav,Na semana passada houve uma queda de energia que afetou vários bairros da cidade.,Na semana passada houve uma queda de afetou vários bairros da cidade.,7.755,12,0.85,,3.7791,2.5089,4.0558,3.8839,3.8373,3.9944,3.8052,4.2058,3.7791,nisqa_overall,ok,
xtts,ajustado,v1,61,xtts\outputs_final_experiment\ajustado\v1\061.wav,A reunião começou às nove horas.,Na União começou às 9h.,5.984,12,0.6129,,2.0983,2.0038,3.7748,2.3724,3.082,3.0745,3.217,2.7276,2.0983,nisqa_overall,ok,
xtts,ajustado,v1,66,xtts\outputs_final_experiment\ajustado\v1\066.wav,O atendimento foi rápido.,"O atendimento é rápido, o nosso tempo cheio.",5.568,23,0.4524,,2.1678,1.8855,2.8952,2.2477,3.0106,3.2713,3.3088,2.7355,2.1678,nisqa_overall,ok,
xtts,ajustado,v1,71,xtts\outputs_final_experiment\ajustado\v1\071.wav,O médico chegou pontualmente.,O médico não tem... E o médico... Ele tem... Ele tem... O porto amêndio?,5.749,42,0.2881,,3.127,3.3341,3.978,2.7783,3.3712,3.4804,3.5154,3.3496,3.127,nisqa_overall,ok,
xtts,ajustado,v1,76,xtts\outputs_final_experiment\ajustado\v1\076.wav,A professora respondeu às dúvidas dos alunos antes do encerramento da aula.,A professora respondeu a dúvida dos alunos antes de enxergar a meta da ordem.,7.051,16,0.7895,,3.5742,3.4785,4.3081,3.5305,4.04,3.7291,3.5709,2.8415,3.5742,nisqa_overall,ok,
xtts,ajustado,v1,81,xtts\outputs_final_experiment\ajustado\v1\081.wav,Hoje foi um dia tranquilo.,Hoje foi um dia tranquilo.,3.851,0,1.0,,3.4719,2.0994,4.381,3.9526,4.057,3.6284,3.4926,3.9337,3.4719,nisqa_overall,ok,
xtts,ajustado,v1,86,xtts\outputs_final_experiment\ajustado\v1\086.wav,"Enquanto caminhava pela orla, observei crianças brincando e pessoas praticando esportes.","Enquanto caminhar pela hora, observei crianças brincando em pessoas patricas, esportes...",6.176,10,0.8837,,3.6487,3.165,3.9879,3.4512,4.0492,3.8318,3.5906,4.0879,3.6487,nisqa_overall,ok,
xtts,ajustado,v1,91,xtts\outputs_final_experiment\ajustado\v1\091.wav,A entrega foi realizada com sucesso.,A entrega foi realizada com o sucesso.,4.405,2,0.9459,,3.6459,2.6302,4.3429,3.8699,4.1549,3.1982,3.5445,3.5883,3.6459,nisqa_overall,ok,
xtts,ajustado,v1,96,xtts\outputs_final_experiment\ajustado\v1\096.wav,O parque abriu normalmente.,O parque abriu normalmente.,3.243,0,1.0,,3.899,2.7198,4.3334,4.0356,4.3073,2.963,3.6487,3.6063,3.899,nisqa_overall,ok,
xtts,ajustado,v2,1,xtts\outputs_final_experiment\ajustado\v2\001.wav,Hoje o trânsito estava tranquilo.,Hoje o transter estava tranquilo.,5.845,4,0.875,,3.7723,2.6542,4.0302,3.8896,4.2607,3.5674,3.5651,3.4851,3.7723,nisqa_overall,ok,
xtts,ajustado,v2,6,xtts\outputs_final_experiment\ajustado\v2\006.wav,A previsão indica possibilidade de chuva forte entre o final da tarde e o início da noite.,A previsão indica a possibilidade de chuva forte no final da tarde e o início da noite.,5.845,7,0.9213,,4.076,2.7969,4.4887,4.0213,4.3366,3.7515,3.7974,4.0901,4.076,nisqa_overall,ok,
xtts,ajustado,v2,11,xtts\outputs_final_experiment\ajustado\v2\011.wav,Ainda não recebi a confirmação da inscrição.,Mas eu ainda não recebi a confirmação da inscrição.,5.472,7,0.86,,3.4077,2.533,4.3204,3.597,3.8962,3.3641,3.6465,3.1427,3.4077,nisqa_overall,ok,
xtts,ajustado,v2,16,xtts\outputs_final_experiment\ajustado\v2\016.wav,Meu avô sempre contava histórias interessantes sobre a época em que morava no sertão.,Meu avô sempre contava histórias interessantes sobre a época em que morava no sertão.,6.08,0,1.0,,3.6593,3.0145,4.0554,3.477,3.796,3.8819,3.7406,3.6025,3.6593,nisqa_overall,ok,
xtts,ajustado,v2,21,xtts\outputs_final_experiment\ajustado\v2\021.wav,O professor pediu que os alunos entregassem os trabalhos até a próxima semana.,O professor diz mentioning isso para ver kolmiana deja dele Não é,6.592,51,0.3377,,4.063,4.0118,4.453,3.8749,4.2289,3.846,3.5808,4.0194,4.063,nisqa_overall,ok,
xtts,ajustado,v2,26,xtts\outputs_final_experiment\ajustado\v2\026.wav,Você sabe onde fica a biblioteca central?,"Eu acho que é melhor você saber para mim, porque eu sei saber onde fica a Biblioteca Central.",6.315,51,0.4396,,4.1747,3.763,4.5627,4.0245,4.4084,3.9503,3.7076,4.1801,4.1747,nisqa_overall,ok,
xtts,ajustado,v2,31,xtts\outputs_final_experiment\ajustado\v2\031.wav,O grupo decidiu antecipar a saída.,O grupo decidiu antecipar saída.,4.128,2,0.9394,,3.2775,2.3992,3.3716,3.2695,3.7352,3.6949,3.5441,3.9908,3.2775,nisqa_overall,ok,
xtts,ajustado,v2,36,xtts\outputs_final_experiment\ajustado\v2\036.wav,A praia estava praticamente vazia naquela manhã de terça-feira.,A praia está praticamente vazia naquela manhã de terça-feira.,5.291,3,0.9516,,3.7214,2.8753,4.5658,3.8148,4.0598,3.5849,3.6624,4.0786,3.7214,nisqa_overall,ok,
xtts,ajustado,v2,41,xtts\outputs_final_experiment\ajustado\v2\041.wav,O elevador parou no décimo segundo andar.,"E aí eu fui... Mas anda para o carro lá, não desce, sim, não dá.",6.635,41,0.2807,,2.5465,1.981,3.9555,3.0829,3.4405,3.1047,3.4705,2.768,2.5465,nisqa_overall,ok,
xtts,ajustado,v2,46,xtts\outputs_final_experiment\ajustado\v2\046.wav,O motorista precisou escolher uma rota alternativa para evitar um grande congestionamento.,"o motor já precisou escolher uma rota alternativa para ter ele. Aí, enfim, tá um grande congestionamento.",7.52,21,0.7921,,2.7223,2.0131,4.01,3.1061,3.4095,3.283,3.5191,3.0257,2.7223,nisqa_overall,ok,
xtts,ajustado,v2,51,xtts\outputs_final_experiment\ajustado\v2\051.wav,O sistema voltou a funcionar normalmente.,O sistema voltou a funcionar normalmente.,6.027,0,1.0,,3.6844,2.5474,4.2597,4.0345,4.1434,3.9447,3.7051,3.8587,3.6844,nisqa_overall,ok,
xtts,ajustado,v2,56,xtts\outputs_final_experiment\ajustado\v2\056.wav,Na semana passada houve uma queda de energia que afetou vários bairros da cidade.,Na semana passada houve uma queda de energia que afetou vários bairros da cidade.,6.315,0,1.0,,4.0715,2.6846,4.5369,4.2326,3.9171,3.9865,3.7603,3.9363,4.0715,nisqa_overall,ok,
xtts,ajustado,v2,61,xtts\outputs_final_experiment\ajustado\v2\061.wav,A reunião começou às nove horas.,"Mais a ler, ou maiskers, hamburger noveleEu",6.773,32,0.2195,,2.1089,1.7753,4.0314,2.98,2.8143,3.343,3.202,3.0046,2.1089,nisqa_overall,ok,
xtts,ajustado,v2,66,xtts\outputs_final_experiment\ajustado\v2\066.wav,O atendimento foi rápido.,e trozdou muito a adamção.,5.291,19,0.24,,1.8893,1.5646,2.7719,1.9957,3.129,2.8356,3.2253,2.8699,1.8893,nisqa_overall,ok,
xtts,ajustado,v2,71,xtts\outputs_final_experiment\ajustado\v2\071.wav,O médico chegou pontualmente.,Meu Maxime não chega até o ponto de óptimo Meu dame,6.4,34,0.3333,,3.1736,3.4533,4.0212,2.9993,3.6234,3.5188,3.5252,3.5414,3.1736,nisqa_overall,ok,
xtts,ajustado,v2,76,xtts\outputs_final_experiment\ajustado\v2\076.wav,A professora respondeu às dúvidas dos alunos antes do encerramento da aula.,A professora responder as dúvidas dos anúnimas de encerramento da aula.,6.539,11,0.8514,,3.0485,3.2615,3.7985,2.4353,3.4525,3.7272,3.5545,3.639,3.0485,nisqa_overall,ok,
xtts,ajustado,v2,81,xtts\outputs_final_experiment\ajustado\v2\081.wav,Hoje foi um dia tranquilo.,Hoje foi um dia tranquilo.,4.405,0,1.0,,3.3436,2.194,4.2556,3.7292,3.9928,3.6673,3.344,3.9739,3.3436,nisqa_overall,ok,
xtts,ajustado,v2,86,xtts\outputs_final_experiment\ajustado\v2\086.wav,"Enquanto caminhava pela orla, observei crianças brincando e pessoas praticando esportes.",Enquanto caminhava pela hora você vê criança brincando e pessoa patrocando de suporte.,5.291,18,0.7907,,3.1165,2.6489,3.1159,3.1238,3.8582,3.7088,3.554,3.9869,3.1165,nisqa_overall,ok,
xtts,ajustado,v2,91,xtts\outputs_final_experiment\ajustado\v2\091.wav,A entrega foi realizada com sucesso.,A entrega foi realizada com o sesto.,3.477,4,0.8857,,3.5635,2.8241,3.9938,3.7644,4.072,2.7466,3.4871,3.6918,3.5635,nisqa_overall,ok,
xtts,ajustado,v2,96,xtts\outputs_final_experiment\ajustado\v2\096.wav,O parque abriu normalmente.,Vai abrir normalmente?!,7.52,8,0.6923,,3.4533,2.6309,4.0216,3.5705,4.0454,3.2704,3.5221,3.8694,3.4533,nisqa_overall,ok,
xtts,ajustado,v3,1,xtts\outputs_final_experiment\ajustado\v3\001.wav,Hoje o trânsito estava tranquilo.,"Hoje eu conheço o transo do Tava. O transo do Tava tem 2 nítitos, né?",5.525,42,0.3636,,3.8541,2.6475,4.1975,3.7694,4.2265,3.7996,3.6031,4.1105,3.8541,nisqa_overall,ok,
xtts,ajustado,v3,6,xtts\outputs_final_experiment\ajustado\v3\006.wav,A previsão indica possibilidade de chuva forte entre o final da tarde e o início da noite.,A previsão indica a possibilidade de chuva forte entre o final da tarde e o início da noite.,5.152,2,0.978,,4.0743,2.6068,4.5397,4.0586,4.39,3.7746,3.6068,3.583,4.0743,nisqa_overall,ok,
xtts,ajustado,v3,11,xtts\outputs_final_experiment\ajustado\v3\011.wav,Ainda não recebi a confirmação da inscrição.,Ainda não recebia a confirmação da inscrição?,4.405,1,0.9773,,3.2094,2.9132,3.9939,3.3887,3.5626,3.5952,3.6821,3.2913,3.2094,nisqa_overall,ok,
xtts,ajustado,v3,16,xtts\outputs_final_experiment\ajustado\v3\016.wav,Meu avô sempre contava histórias interessantes sobre a época em que morava no sertão.,Meu avô sempre contava histórias interessantes sobre a época em que morava no sertão.,5.845,0,1.0,,3.7013,2.5098,4.4778,3.7332,3.9497,4.1112,3.6166,3.6889,3.7013,nisqa_overall,ok,
xtts,ajustado,v3,21,xtts\outputs_final_experiment\ajustado\v3\021.wav,O professor pediu que os alunos entregassem os trabalhos até a próxima semana.,O professor pediu que os alunos de entregar seus trabalhos até a próxima semana.,4.917,8,0.8987,,4.282,4.1263,4.6038,4.0662,4.42,3.942,3.7379,4.1745,4.282,nisqa_overall,ok,
xtts,ajustado,v3,26,xtts\outputs_final_experiment\ajustado\v3\026.wav,Você sabe onde fica a biblioteca central?,Você... Onde é que fica a Biblioteca Central?,5.237,7,0.8293,,3.7219,3.6643,4.2432,3.518,4.0458,3.8999,3.6253,4.1154,3.7219,nisqa_overall,ok,
xtts,ajustado,v3,31,xtts\outputs_final_experiment\ajustado\v3\031.wav,O grupo decidiu antecipar a saída.,O grupo decidiu antecipar a saída.,4.267,0,1.0,,2.8104,2.2187,2.9504,2.9927,3.2042,3.4862,3.5173,4.0157,2.8104,nisqa_overall,ok,
xtts,ajustado,v3,36,xtts\outputs_final_experiment\ajustado\v3\036.wav,A praia estava praticamente vazia naquela manhã de terça-feira.,A praia estava praticamente vazia naquela morrinha de terça-feira.,5.333,5,0.9231,,3.4524,2.5702,4.2745,3.4013,3.0562,3.7497,3.6118,3.9499,3.4524,nisqa_overall,ok,
xtts,ajustado,v3,41,xtts\outputs_final_experiment\ajustado\v3\041.wav,O elevador parou no décimo segundo andar.,Liv tratando много de<|fi|> moms De contractors,6.027,33,0.25,,2.7513,2.1571,4.0586,3.2043,3.5434,3.1142,3.6189,3.3558,2.7513,nisqa_overall,ok,
xtts,ajustado,v3,46,xtts\outputs_final_experiment\ajustado\v3\046.wav,O motorista precisou escolher uma rota alternativa para evitar um grande congestionamento.,O motorista precisou escolher uma rota alternativa para evitar um grande congestionamento.,6.592,0,1.0,,3.0865,1.9488,4.3254,3.4623,3.9379,3.3962,3.6238,3.2911,3.0865,nisqa_overall,ok,
xtts,ajustado,v3,51,xtts\outputs_final_experiment\ajustado\v3\051.wav,O sistema voltou a funcionar normalmente.,O sistema voltou a funcionar normalmente.,7.008,0,1.0,,3.6018,2.8637,4.2159,3.8632,3.9671,4.0075,3.7711,3.8549,3.6018,nisqa_overall,ok,
xtts,ajustado,v3,56,xtts\outputs_final_experiment\ajustado\v3\056.wav,Na semana passada houve uma queda de energia que afetou vários bairros da cidade.,"Na semana passada, houve uma queda de perigo que afetou vários bairros da cidade.",7.243,5,0.9375,,3.2311,2.7591,3.0719,3.2074,3.5982,3.9706,3.7022,4.054,3.2311,nisqa_overall,ok,
xtts,ajustado,v3,61,xtts\outputs_final_experiment\ajustado\v3\061.wav,A reunião começou às nove horas.,"Eu me sinto muito, eu me sinto muito, eu me sinto muito.",5.611,39,0.2642,,2.3842,1.7528,3.9011,2.9349,3.001,3.2107,3.1954,2.64,2.3842,nisqa_overall,ok,
xtts,ajustado,v3,66,xtts\outputs_final_experiment\ajustado\v3\066.wav,O atendimento foi rápido.,Não atendimento foi á embroider Out saja atendimento foi na ra widely,8.075,48,0.3043,,2.0456,1.6361,2.4718,2.0431,2.7629,3.1953,3.2978,2.967,2.0456,nisqa_overall,ok,
xtts,ajustado,v3,71,xtts\outputs_final_experiment\ajustado\v3\071.wav,O médico chegou pontualmente.,O MET chegou pontualmente e ele...,4.085,11,0.6452,,3.3373,3.4418,4.1346,3.3237,3.8411,3.6453,3.5498,3.5604,3.3373,nisqa_overall,ok,
xtts,ajustado,v3,76,xtts\outputs_final_experiment\ajustado\v3\076.wav,A professora respondeu às dúvidas dos alunos antes do encerramento da aula.,A professora respondeu à dúvida dos alunos do enxerramento da aula. Não!,6.539,13,0.8243,,3.2318,3.3485,3.9779,2.9185,3.6835,3.6539,3.6032,3.3334,3.2318,nisqa_overall,ok,
xtts,ajustado,v3,81,xtts\outputs_final_experiment\ajustado\v3\081.wav,Hoje foi um dia tranquilo.,E eu sou aungsluton非常的ская,3.008,22,0.1538,,3.6983,2.1609,4.494,3.9675,4.2246,3.558,3.5421,3.9141,3.6983,nisqa_overall,ok,
xtts,ajustado,v3,86,xtts\outputs_final_experiment\ajustado\v3\086.wav,"Enquanto caminhava pela orla, observei crianças brincando e pessoas praticando esportes.","Enquanto caminhava pela aula, observava que ia ser brincando de pessoa, 4 canis, foi.",5.429,29,0.6628,,3.8993,2.3745,4.416,3.8749,4.1563,3.7762,3.3944,4.0123,3.8993,nisqa_overall,ok,
xtts,ajustado,v3,91,xtts\outputs_final_experiment\ajustado\v3\091.wav,A entrega foi realizada com sucesso.,A entrega foi realizada com sucesso.,3.947,0,1.0,,2.779,2.6956,2.947,3.3444,3.9659,3.2593,3.5901,3.4224,2.779,nisqa_overall,ok,
xtts,ajustado,v3,96,xtts\outputs_final_experiment\ajustado\v3\096.wav,O parque abriu normalmente.,O parque abriu normalmente.,2.965,0,1.0,,3.1176,2.3676,3.6777,3.1176,3.7304,2.7999,3.5912,3.2602,3.1176,nisqa_overall,ok,
