Carimbo de data/hora,"Consentimento para Participação
O Termo de Consentimento Livre e Esclarecido (TCLE) desta pesquisa encontra-se disponível no link abaixo. Leia atentamente o documento antes de prosseguir.
Clique neste link para obter acesso ao TCLE ",Você é da paraíba ou é familiarizado(a) com o sotaque paraibano?,Qual áudio você considera que representa melhor o sotaque paraibano?,"Considerando a naturalidade e a clareza da fala, qual áudio você considera melhor?",Qual áudio você considera que representa melhor o sotaque paraibano?,"Considerando a naturalidade e a clareza da fala, qual áudio você considera melhor?",Qual áudio você considera que representa melhor o sotaque paraibano?,"Considerando a naturalidade e a clareza da fala, qual áudio você considera melhor?",Qual áudio você considera que representa melhor o sotaque paraibano?,"Considerando a naturalidade e a clareza da fala, qual áudio você considera melhor?",Qual áudio você considera que representa melhor o sotaque paraibano?,"Considerando a naturalidade e a clareza da fala, qual áudio você considera melhor?",Qual áudio você considera que representa melhor o sotaque paraibano?,"Considerando a naturalidade e a clareza da fala, qual áudio você considera melhor?",Qual áudio você considera que representa melhor o sotaque paraibano?,"Considerando a naturalidade e a clareza da fala, qual áudio você considera melhor?",Qual áudio você considera que representa melhor o sotaque paraibano?,"Considerando a naturalidade e a clareza da fala, qual áudio você considera melhor?",Qual áudio você considera que representa melhor o sotaque paraibano?,"Considerando a naturalidade e a clareza da fala, qual áudio você considera melhor?",Qual áudio você considera que representa melhor o sotaque paraibano?,"Considerando a naturalidade e a clareza da fala, qual áudio você considera melhor?",Qual áudio você considera que representa melhor o sotaque paraibano?,"Considerando a naturalidade e a clareza da fala, qual áudio você considera melhor?",Qual áudio você considera que representa melhor o sotaque paraibano?,"Considerando a naturalidade e a clareza da fala, qual áudio você considera melhor?",Qual áudio você considera que representa melhor o sotaque paraibano?,"Considerando a naturalidade e a clareza da fala, qual áudio você considera melhor?",Qual áudio você considera que representa melhor o sotaque paraibano?,"Considerando a naturalidade e a clareza da fala, qual áudio você considera melhor?",Qual áudio você considera que representa melhor o sotaque paraibano?,"Considerando a naturalidade e a clareza da fala, qual áudio você considera melhor?",Qual áudio você considera que representa melhor o sotaque paraibano?,"Considerando a naturalidade e a clareza da fala, qual áudio você considera melhor?",Qual áudio você considera que representa melhor o sotaque paraibano?,"Considerando a naturalidade e a clareza da fala, qual áudio você considera melhor?",Qual áudio você considera que representa melhor o sotaque paraibano?,"Considerando a naturalidade e a clareza da fala, qual áudio você considera melhor?"
13/06/2026 09:52:42,Aceito os Termos de Consentimento,"Não, mas sou familiarizado(a) com sotaques nordestinos.",Áudio B,Áudio A,Ambos aparentam ter sotaque paraibano,Áudio B,Áudio B,Ambos soam igualmente bem,Áudio A,Ambos soam igualmente bem,Áudio B,Áudio B,Áudio B,Ambos soam igualmente bem,Áudio B,Ambos soam igualmente bem,Não consigo distinguir,Não consigo distinguir,Áudio B,Áudio B,Ambos aparentam ter sotaque paraibano,Áudio A,Ambos aparentam ter sotaque paraibano,Ambos soam igualmente bem,Ambos aparentam ter sotaque paraibano,Ambos soam igualmente bem,Áudio A,Áudio A,Áudio A,Áudio B,Ambos aparentam ter sotaque paraibano,Ambos soam igualmente bem,Áudio A,Áudio A,Ambos aparentam ter sotaque paraibano,Ambos soam igualmente bem,Áudio A,Áudio A
13/06/2026 10:07:53,Aceito os Termos de Consentimento,"Não, mas sou Sou familiarizado(a) com o sotaque paraibano.",Áudio B,Áudio A,Áudio A,Áudio B,Áudio A,Áudio A,Ambos aparentam ter sotaque paraibano,Áudio A,Não consigo distinguir,Áudio B,Áudio B,Áudio B,Áudio B,Áudio B,Áudio A,Áudio A,Áudio B,Áudio B,Áudio A,Áudio A,Não consigo distinguir,Áudio A,Ambos aparentam ter sotaque paraibano,Áudio A,Ambos aparentam ter sotaque paraibano,Áudio A,Áudio A,Áudio A,Ambos aparentam ter sotaque paraibano,Áudio A,Ambos aparentam ter sotaque paraibano,Áudio B,Ambos aparentam ter sotaque paraibano,Áudio B,Áudio A,Áudio A
13/06/2026 10:20:42,Aceito os Termos de Consentimento,"Não, tenho pouca ou nenhuma familiaridade.",Áudio B,Áudio A,Não consigo distinguir,Não consigo distinguir,Áudio B,Áudio A,Áudio A,Áudio B,Áudio A,Áudio B,Áudio A,Áudio A,Áudio B,Áudio A,Áudio A,Não consigo distinguir,Áudio B,Áudio B,Áudio A,Ambos soam igualmente bem,Ambos aparentam ter sotaque paraibano,Ambos soam igualmente bem,Ambos aparentam ter sotaque paraibano,Ambos soam igualmente bem,Áudio A,Áudio A,Áudio A,Ambos soam igualmente bem,Ambos aparentam ter sotaque paraibano,Ambos soam igualmente bem,Ambos aparentam ter sotaque paraibano,Áudio A,Ambos aparentam ter sotaque paraibano,Áudio A,Não consigo distinguir,Áudio A
13/06/2026 10:32:53,Aceito os Termos de Consentimento,"Não, mas sou Sou familiarizado(a) com o sotaque paraibano.",Áudio B,Áudio A,Áudio A,Áudio A,Áudio B,Áudio B,Áudio A,Áudio A,Áudio B,Não consigo distinguir,Áudio B,Áudio B,Áudio B,Áudio B,Áudio A,Áudio A,Áudio B,Áudio B,Áudio A,Áudio A,Áudio B,Áudio B,Áudio A,Áudio A,Áudio A,Áudio A,Áudio A,Áudio A,Áudio A,Áudio A,Áudio A,Áudio A,Áudio B,Áudio B,Áudio A,Áudio A
13/06/2026 10:50:19,Aceito os Termos de Consentimento,"Não, mas sou Sou familiarizado(a) com o sotaque paraibano.",Áudio B,Ambos soam igualmente bem,Áudio A,Áudio A,Áudio B,Ambos soam igualmente bem,Áudio A,Áudio A,Ambos aparentam ter sotaque paraibano,Ambos soam igualmente bem,Áudio B,Áudio B,Áudio B,Não consigo distinguir,Áudio A,Áudio A,Áudio B,Áudio B,Ambos aparentam ter sotaque paraibano,Não consigo distinguir,Ambos aparentam ter sotaque paraibano,Áudio B,Ambos aparentam ter sotaque paraibano,Ambos soam igualmente bem,Áudio A,Áudio A,Ambos aparentam ter sotaque paraibano,Áudio A,Áudio A,Áudio A,Ambos aparentam ter sotaque paraibano,Áudio A,Ambos aparentam ter sotaque paraibano,Áudio A,Áudio A,Áudio A
13/06/2026 11:27:28,Aceito os Termos de Consentimento,Sou da paraíba,Áudio B,Áudio A,Áudio A,Áudio B,Áudio B,Áudio A,Áudio A,Áudio B,Áudio B,Áudio B,Áudio B,Áudio B,Áudio B,Áudio A,Áudio A,Áudio B,Áudio A,Áudio A,Ambos aparentam ter sotaque paraibano,Áudio B,Ambos aparentam ter sotaque paraibano,Áudio A,Ambos aparentam ter sotaque paraibano,Áudio B,Ambos aparentam ter sotaque paraibano,Áudio A,Ambos aparentam ter sotaque paraibano,Áudio B,Ambos aparentam ter sotaque paraibano,Áudio A,Ambos aparentam ter sotaque paraibano,Áudio A,Ambos aparentam ter sotaque paraibano,Áudio B,Ambos aparentam ter sotaque paraibano,Áudio A
13/06/2026 13:41:43,Aceito os Termos de Consentimento,"Não, tenho pouca ou nenhuma familiaridade.",Áudio B,Áudio A,Áudio A,Áudio B,Áudio B,Ambos soam igualmente bem,Áudio A,Ambos soam igualmente bem,Áudio A,Áudio B,Áudio B,Ambos soam igualmente bem,Áudio B,Áudio A,Áudio A,Ambos soam igualmente bem,Áudio B,Áudio A,Ambos aparentam ter sotaque paraibano,Ambos soam igualmente bem,Áudio A,Ambos soam igualmente bem,Áudio A,Ambos soam igualmente bem,Áudio A,Ambos soam igualmente bem,Áudio A,Ambos soam igualmente bem,Ambos aparentam ter sotaque paraibano,Ambos soam igualmente bem,Ambos aparentam ter sotaque paraibano,Ambos soam igualmente bem,Áudio A,Ambos soam igualmente bem,Áudio A,Ambos soam igualmente bem
13/06/2026 13:42:00,Aceito os Termos de Consentimento,"Não, tenho pouca ou nenhuma familiaridade.",Não consigo distinguir,Ambos soam igualmente bem,Não consigo distinguir,Ambos soam igualmente bem,Não consigo distinguir,Ambos soam igualmente bem,Áudio A,Ambos soam igualmente bem,Áudio B,Áudio B,Não consigo distinguir,Ambos soam igualmente bem,Áudio B,Ambos soam igualmente bem,Não consigo distinguir,Não consigo distinguir,Não consigo distinguir,Ambos soam igualmente bem,Áudio A,Ambos soam igualmente bem,Não consigo distinguir,Ambos soam igualmente bem,Não consigo distinguir,Ambos soam igualmente bem,Não consigo distinguir,Áudio A,Não consigo distinguir,Áudio A,Áudio A,Áudio A,Áudio B,Áudio A,Não consigo distinguir,Ambos soam igualmente bem,Não consigo distinguir,Áudio A
13/06/2026 14:01:31,Aceito os Termos de Consentimento,"Não, tenho pouca ou nenhuma familiaridade.",Ambos aparentam ter sotaque paraibano,Áudio B,Áudio A,Ambos soam igualmente bem,Áudio B,Ambos soam igualmente bem,Áudio A,Ambos soam igualmente bem,Ambos aparentam ter sotaque paraibano,Ambos soam igualmente bem,Áudio B,Ambos soam igualmente bem,Áudio B,Ambos soam igualmente bem,Áudio A,Áudio A,Áudio B,Áudio B,Ambos aparentam ter sotaque paraibano,Ambos soam igualmente bem,Áudio B,Ambos soam igualmente bem,Ambos aparentam ter sotaque paraibano,Ambos soam igualmente bem,Áudio B,Ambos soam igualmente bem,Ambos aparentam ter sotaque paraibano,Ambos soam igualmente bem,Áudio A,Ambos soam igualmente bem,Ambos aparentam ter sotaque paraibano,Ambos soam igualmente bem,Ambos aparentam ter sotaque paraibano,Ambos soam igualmente bem,Áudio B,Ambos soam igualmente bem
13/06/2026 14:29:46,Aceito os Termos de Consentimento,"Não, tenho pouca ou nenhuma familiaridade.",Áudio B,Áudio B,Áudio A,Áudio A,Áudio B,Áudio B,Áudio A,Áudio A,Áudio B,Áudio B,Áudio B,Áudio B,Áudio B,Áudio B,Áudio A,Áudio A,Áudio B,Áudio B,Áudio A,Áudio A,Áudio B,Áudio B,Áudio A,Áudio A,Áudio A,Áudio A,Áudio A,Áudio A,Áudio A,Áudio A,Áudio A,Áudio A,Áudio A,Áudio A,Áudio A,Áudio A
13/06/2026 15:01:27,Aceito os Termos de Consentimento,"Não, mas sou Sou familiarizado(a) com o sotaque paraibano.",Áudio B,Áudio A,Áudio A,Áudio B,Áudio B,Áudio A,Áudio A,Áudio B,Áudio A,Áudio B,Áudio A,Áudio A,Áudio B,Áudio A,Áudio A,Áudio B,Áudio B,Áudio A,Áudio A,Áudio B,Áudio B,Áudio A,Áudio A,Áudio B,Áudio B,Áudio A,Áudio B,Áudio B,Áudio A,Áudio B,Áudio B,Áudio A,Áudio A,Áudio B,Áudio B,Áudio A
13/06/2026 15:11:55,Aceito os Termos de Consentimento,"Não, mas sou familiarizado(a) com sotaques nordestinos.",Áudio B,Áudio B,Áudio A,Áudio A,Áudio B,Áudio A,Áudio A,Áudio B,Não consigo distinguir,Áudio B,Áudio B,Ambos soam igualmente bem,Áudio B,Áudio B,Áudio A,Áudio B,Áudio B,Áudio B,Ambos aparentam ter sotaque paraibano,Ambos soam igualmente bem,Ambos aparentam ter sotaque paraibano,Áudio A,Ambos aparentam ter sotaque paraibano,Áudio B,Não consigo distinguir,Áudio A,Áudio A,Áudio A,Ambos aparentam ter sotaque paraibano,Áudio A,Ambos aparentam ter sotaque paraibano,Ambos soam igualmente bem,Ambos aparentam ter sotaque paraibano,Áudio B,Áudio A,Áudio A
13/06/2026 18:22:32,Aceito os Termos de Consentimento,Sou da paraíba,Áudio B,Áudio B,Áudio A,Áudio A,Áudio B,Áudio B,Áudio A,Áudio A,Áudio B,Áudio B,Áudio B,Áudio B,Áudio B,Áudio B,Áudio A,Áudio A,Áudio B,Áudio B,Áudio A,Áudio A,Áudio A,Áudio A,Áudio B,Áudio B,Áudio A,Áudio A,Áudio A,Áudio A,Áudio A,Áudio A,Áudio A,Áudio A,Áudio B,Áudio B,Áudio A,Áudio A
13/06/2026 18:37:18,Aceito os Termos de Consentimento,"Não, mas sou Sou familiarizado(a) com o sotaque paraibano.",Não consigo distinguir,Áudio A,Ambos aparentam ter sotaque paraibano,Áudio B,Áudio B,Ambos soam igualmente bem,Áudio A,Áudio B,Áudio B,Áudio B,Áudio B,Ambos soam igualmente bem,Áudio B,Áudio A,Áudio A,Áudio A,Áudio B,Ambos soam igualmente bem,Ambos aparentam ter sotaque paraibano,Ambos soam igualmente bem,Ambos aparentam ter sotaque paraibano,Ambos soam igualmente bem,Ambos aparentam ter sotaque paraibano,Ambos soam igualmente bem,Áudio A,Áudio A,Áudio A,Ambos soam igualmente bem,Áudio A,Áudio A,Áudio A,Áudio A,Ambos aparentam ter sotaque paraibano,Ambos soam igualmente bem,Áudio A,Áudio A
13/06/2026 19:02:48,Aceito os Termos de Consentimento,"Não, mas sou familiarizado(a) com sotaques nordestinos.",Áudio B,Áudio A,Áudio A,Ambos soam igualmente bem,Áudio B,Áudio B,Áudio A,Ambos soam igualmente bem,Não consigo distinguir,Não consigo distinguir,Áudio B,Ambos soam igualmente bem,Áudio B,Ambos soam igualmente bem,Áudio A,Não consigo distinguir,Áudio B,Áudio B,Áudio A,Áudio A,Áudio B,Ambos soam igualmente bem,Áudio B,Ambos soam igualmente bem,Não consigo distinguir,Áudio A,Não consigo distinguir,Áudio A,Áudio A,Áudio A,Áudio A,Áudio A,Áudio B,Áudio B,Áudio A,Áudio A
14/06/2026 08:40:17,Aceito os Termos de Consentimento,Sou da paraíba,Áudio B,Áudio B,Áudio A,Áudio A,Áudio B,Áudio B,Áudio A,Áudio A,Áudio B,Áudio B,Áudio B,Áudio B,Áudio B,Áudio B,Áudio A,Áudio A,Áudio B,Áudio B,Áudio A,Áudio A,Áudio A,Áudio A,Áudio B,Áudio B,Áudio A,Áudio A,Áudio A,Áudio A,Áudio A,Áudio A,Áudio A,Áudio A,Áudio A,Áudio A,Áudio A,Áudio A
14/06/2026 08:42:46,Aceito os Termos de Consentimento,Sou da paraíba,Áudio B,Áudio B,Áudio A,Áudio A,Áudio B,Áudio B,Áudio A,Áudio A,Áudio B,Áudio B,Áudio B,Áudio B,Áudio B,Áudio B,Áudio A,Áudio A,Áudio B,Áudio B,Áudio A,Áudio A,Áudio A,Áudio A,Áudio A,Áudio A,Áudio A,Áudio A,Áudio A,Áudio A,Áudio A,Áudio A,Áudio A,Áudio A,Áudio A,Áudio A,Áudio A,Áudio A
14/06/2026 08:44:29,Aceito os Termos de Consentimento,Sou da paraíba,Áudio B,Áudio B,Áudio A,Áudio A,Áudio B,Áudio B,Áudio A,Áudio A,Áudio B,Áudio B,Áudio B,Áudio B,Áudio B,Áudio B,Áudio A,Áudio A,Áudio B,Áudio B,Áudio A,Áudio A,Áudio A,Áudio A,Áudio A,Áudio A,Áudio A,Áudio A,Áudio A,Áudio A,Áudio A,Áudio A,Áudio A,Áudio A,Áudio A,Áudio A,Áudio A,Áudio A
14/06/2026 08:46:18,Aceito os Termos de Consentimento,Sou da paraíba,Áudio B,Áudio B,Áudio A,Áudio A,Áudio B,Áudio B,Áudio A,Áudio A,Áudio B,Áudio B,Áudio B,Áudio B,Áudio B,Áudio B,Áudio A,Áudio A,Áudio B,Áudio B,Áudio A,Áudio A,Áudio A,Áudio A,Áudio A,Áudio A,Áudio A,Áudio A,Áudio A,Áudio A,Áudio A,Áudio A,Áudio A,Áudio A,Áudio A,Áudio A,Áudio A,Áudio A
14/06/2026 08:49:40,Aceito os Termos de Consentimento,Sou da paraíba,Áudio B,Áudio B,Áudio A,Áudio A,Áudio B,Áudio B,Áudio A,Áudio A,Áudio B,Áudio B,Áudio B,Áudio B,Áudio B,Áudio B,Áudio A,Áudio A,Áudio B,Áudio B,Áudio A,Áudio A,Áudio A,Áudio A,Áudio A,Áudio A,Áudio A,Áudio A,Áudio A,Áudio A,Áudio A,Áudio A,Áudio A,Áudio A,Áudio A,Áudio A,Áudio A,Áudio A
14/06/2026 10:29:16,Aceito os Termos de Consentimento,"Não, mas sou Sou familiarizado(a) com o sotaque paraibano.",Áudio B,Áudio A,Áudio B,Áudio A,Áudio A,Áudio A,Áudio B,Áudio A,Áudio B,Áudio B,Áudio B,Áudio B,Áudio A,Áudio A,Áudio B,Áudio B,Áudio B,Áudio B,Áudio B,Áudio B,Áudio A,Áudio A,Ambos aparentam ter sotaque paraibano,Ambos soam igualmente bem,Ambos aparentam ter sotaque paraibano,Ambos soam igualmente bem,Áudio B,Áudio B,Áudio B,Áudio B,Áudio A,Áudio A,Áudio A,Áudio A,Áudio A,Áudio A
14/06/2026 11:36:59,Aceito os Termos de Consentimento,"Não, tenho pouca ou nenhuma familiaridade.",Áudio B,Ambos soam igualmente bem,Áudio A,Ambos soam igualmente bem,Áudio B,Áudio B,Áudio A,Áudio A,Áudio B,Áudio B,Áudio B,Áudio B,Áudio B,Áudio B,Áudio A,Áudio B,Áudio A,Áudio A,Áudio A,Áudio A,Áudio A,Áudio A,Áudio A,Áudio A,Áudio A,Áudio A,Áudio A,Áudio A,Áudio A,Áudio A,Áudio A,Áudio A,Áudio B,Áudio A,Áudio A,Áudio A
14/06/2026 21:53:30,Aceito os Termos de Consentimento,"Não, mas sou Sou familiarizado(a) com o sotaque paraibano.",Áudio B,Áudio A,Áudio A,Ambos soam igualmente bem,Áudio B,Ambos soam igualmente bem,Áudio A,Ambos soam igualmente bem,Áudio B,Áudio B,Áudio B,Áudio B,Áudio B,Áudio A,Áudio A,Ambos soam igualmente bem,Áudio B,Ambos soam igualmente bem,Áudio A,Áudio A,Áudio B,Áudio A,Áudio B,Ambos soam igualmente bem,Áudio B,Áudio A,Áudio A,Ambos soam igualmente bem,Áudio A,Áudio A,Áudio A,Áudio A,Áudio B,Ambos soam igualmente bem,Áudio A,Áudio A
14/06/2026 21:58:20,Aceito os Termos de Consentimento,"Não, mas sou Sou familiarizado(a) com o sotaque paraibano.",Áudio B,Ambos soam igualmente bem,Áudio A,Áudio B,Áudio B,Áudio A,Áudio A,Áudio A,Áudio B,Áudio B,Áudio B,Áudio B,Áudio B,Áudio B,Áudio A,Áudio B,Não consigo distinguir,Ambos soam igualmente bem,Ambos aparentam ter sotaque paraibano,Ambos soam igualmente bem,Áudio B,Áudio B,Ambos aparentam ter sotaque paraibano,Ambos soam igualmente bem,Áudio B,Ambos soam igualmente bem,Áudio A,Ambos soam igualmente bem,Ambos aparentam ter sotaque paraibano,Ambos soam igualmente bem,Ambos aparentam ter sotaque paraibano,Ambos soam igualmente bem,Áudio B,Áudio B,Áudio B,Ambos soam igualmente bem
14/06/2026 22:12:16,Aceito os Termos de Consentimento,"Não, tenho pouca ou nenhuma familiaridade.",Áudio B,Ambos soam igualmente bem,Áudio A,Ambos soam igualmente bem,Áudio B,Ambos soam igualmente bem,Áudio A,Ambos soam igualmente bem,Não consigo distinguir,Não consigo distinguir,Áudio B,Ambos soam igualmente bem,Áudio B,Ambos soam igualmente bem,Áudio A,Áudio A,Áudio B,Ambos soam igualmente bem,Ambos aparentam ter sotaque paraibano,Áudio A,Ambos aparentam ter sotaque paraibano,Ambos soam igualmente bem,Ambos aparentam ter sotaque paraibano,Ambos soam igualmente bem,Áudio B,Áudio B,Ambos aparentam ter sotaque paraibano,Ambos soam igualmente bem,Ambos aparentam ter sotaque paraibano,Ambos soam igualmente bem,Áudio A,Áudio A,Ambos aparentam ter sotaque paraibano,Ambos soam igualmente bem,Ambos aparentam ter sotaque paraibano,Áudio A
14/06/2026 22:45:23,Aceito os Termos de Consentimento,"Não, mas sou familiarizado(a) com sotaques nordestinos.",Áudio B,Áudio A,Áudio A,Áudio B,Áudio B,Ambos soam igualmente bem,Ambos aparentam ter sotaque paraibano,Ambos soam igualmente bem,Ambos aparentam ter sotaque paraibano,Áudio B,Áudio B,Ambos soam igualmente bem,Áudio B,Ambos soam igualmente bem,Áudio A,Áudio A,Ambos aparentam ter sotaque paraibano,Não consigo distinguir,Ambos aparentam ter sotaque paraibano,Áudio A,Ambos aparentam ter sotaque paraibano,Áudio A,Ambos aparentam ter sotaque paraibano,Áudio A,Áudio A,Áudio A,Áudio B,Áudio B,Ambos aparentam ter sotaque paraibano,Ambos soam igualmente bem,Ambos aparentam ter sotaque paraibano,Áudio A,Áudio A,Áudio A,Ambos aparentam ter sotaque paraibano,Áudio A
15/06/2026 00:57:49,Aceito os Termos de Consentimento,"Não, tenho pouca ou nenhuma familiaridade.",Áudio B,Áudio B,Áudio A,Áudio A,Áudio B,Áudio B,Áudio A,Áudio A,Não consigo distinguir,Não consigo distinguir,Áudio B,Áudio B,Áudio B,Áudio B,Áudio A,Áudio A,Áudio B,Áudio B,Ambos aparentam ter sotaque paraibano,Ambos soam igualmente bem,Áudio B,Não consigo distinguir,Áudio B,Ambos soam igualmente bem,Áudio A,Áudio A,Áudio A,Áudio A,Áudio A,Áudio A,Ambos aparentam ter sotaque paraibano,Áudio A,Ambos aparentam ter sotaque paraibano,Áudio B,Áudio A,Áudio B
15/06/2026 06:15:22,Aceito os Termos de Consentimento,"Não, mas sou familiarizado(a) com sotaques nordestinos.",Áudio B,Ambos soam igualmente bem,Áudio A,Ambos soam igualmente bem,Áudio B,Ambos soam igualmente bem,Áudio A,Ambos soam igualmente bem,Áudio B,Áudio B,Áudio B,Ambos soam igualmente bem,Áudio B,Ambos soam igualmente bem,Áudio A,Áudio A,Áudio B,Ambos soam igualmente bem,Áudio A,Áudio A,Áudio B,Ambos soam igualmente bem,Áudio B,Áudio B,Áudio A,Áudio A,Áudio A,Ambos soam igualmente bem,Ambos aparentam ter sotaque paraibano,Ambos soam igualmente bem,Áudio A,Áudio A,Ambos aparentam ter sotaque paraibano,Ambos soam igualmente bem,Áudio A,Áudio A
15/06/2026 08:33:44,Aceito os Termos de Consentimento,"Não, mas sou familiarizado(a) com sotaques nordestinos.",Áudio B,Ambos soam igualmente bem,Ambos aparentam ter sotaque paraibano,Ambos soam igualmente bem,Áudio B,Áudio B,Áudio A,Ambos soam igualmente bem,Áudio B,Ambos soam igualmente bem,Áudio B,Ambos soam igualmente bem,Ambos aparentam ter sotaque paraibano,Ambos soam igualmente bem,Áudio A,Ambos soam igualmente bem,Áudio B,Ambos soam igualmente bem,Ambos aparentam ter sotaque paraibano,Ambos soam igualmente bem,Ambos aparentam ter sotaque paraibano,Ambos soam igualmente bem,Ambos aparentam ter sotaque paraibano,Ambos soam igualmente bem,Ambos aparentam ter sotaque paraibano,Ambos soam igualmente bem,Ambos aparentam ter sotaque paraibano,Ambos soam igualmente bem,Ambos aparentam ter sotaque paraibano,Ambos soam igualmente bem,Ambos aparentam ter sotaque paraibano,Ambos soam igualmente bem,Ambos aparentam ter sotaque paraibano,Ambos soam igualmente bem,Ambos aparentam ter sotaque paraibano,Áudio A
15/06/2026 09:18:05,Aceito os Termos de Consentimento,"Não, mas sou familiarizado(a) com sotaques nordestinos.",Áudio B,Áudio A,Áudio A,Ambos soam igualmente bem,Áudio B,Ambos soam igualmente bem,Áudio A,Ambos soam igualmente bem,Áudio B,Áudio B,Áudio B,Ambos soam igualmente bem,Áudio B,Ambos soam igualmente bem,Áudio A,Áudio A,Áudio B,Áudio A,Ambos aparentam ter sotaque paraibano,Áudio A,Ambos aparentam ter sotaque paraibano,Ambos soam igualmente bem,Ambos aparentam ter sotaque paraibano,Ambos soam igualmente bem,Áudio A,Áudio A,Ambos aparentam ter sotaque paraibano,Áudio B,Ambos aparentam ter sotaque paraibano,Ambos soam igualmente bem,Ambos aparentam ter sotaque paraibano,Ambos soam igualmente bem,Ambos aparentam ter sotaque paraibano,Áudio A,Áudio A,Áudio A
15/06/2026 09:27:02,Aceito os Termos de Consentimento,Sou da paraíba,Áudio A,Áudio A,Áudio B,Áudio A,Não consigo distinguir,Áudio A,Áudio A,Ambos soam igualmente bem,Áudio B,Áudio B,Áudio B,Ambos soam igualmente bem,Ambos aparentam ter sotaque paraibano,Ambos soam igualmente bem,Áudio B,Áudio B,Ambos aparentam ter sotaque paraibano,Ambos soam igualmente bem,Áudio A,Ambos soam igualmente bem,Ambos aparentam ter sotaque paraibano,Ambos soam igualmente bem,Ambos aparentam ter sotaque paraibano,Ambos soam igualmente bem,Ambos aparentam ter sotaque paraibano,Ambos soam igualmente bem,Ambos aparentam ter sotaque paraibano,Ambos soam igualmente bem,Áudio A,Ambos soam igualmente bem,Áudio A,Ambos soam igualmente bem,Áudio B,Ambos soam igualmente bem,Áudio B,Ambos soam igualmente bem
15/06/2026 09:35:11,Aceito os Termos de Consentimento,"Não, mas sou familiarizado(a) com sotaques nordestinos.",Áudio B,Áudio A,Áudio A,Áudio B,Áudio B,Áudio A,Áudio A,Ambos soam igualmente bem,Áudio B,Áudio B,Áudio B,Ambos soam igualmente bem,Áudio B,Ambos soam igualmente bem,Áudio A,Áudio B,Áudio B,Ambos soam igualmente bem,Áudio A,Ambos soam igualmente bem,Ambos aparentam ter sotaque paraibano,Ambos soam igualmente bem,Áudio B,Ambos soam igualmente bem,Áudio A,Áudio A,Áudio A,Áudio B,Áudio A,Ambos soam igualmente bem,Não consigo distinguir,Não consigo distinguir,Não consigo distinguir,Ambos soam igualmente bem,Não consigo distinguir,Áudio A
15/06/2026 09:52:17,Aceito os Termos de Consentimento,Sou da paraíba,Áudio B,Ambos soam igualmente bem,Áudio B,Áudio B,Áudio B,Áudio A,Áudio A,Ambos soam igualmente bem,Áudio B,Áudio B,Áudio B,Áudio B,Áudio B,Ambos soam igualmente bem,Áudio A,Áudio B,Áudio B,Áudio B,Ambos aparentam ter sotaque paraibano,Ambos soam igualmente bem,Ambos aparentam ter sotaque paraibano,Ambos soam igualmente bem,Ambos aparentam ter sotaque paraibano,Áudio B,Áudio A,Áudio A,Ambos aparentam ter sotaque paraibano,Áudio B,Ambos aparentam ter sotaque paraibano,Áudio A,Ambos aparentam ter sotaque paraibano,Áudio A,Ambos aparentam ter sotaque paraibano,Ambos soam igualmente bem,Ambos aparentam ter sotaque paraibano,Áudio A
15/06/2026 10:39:01,Aceito os Termos de Consentimento,"Não, mas sou familiarizado(a) com sotaques nordestinos.",Áudio B,Ambos soam igualmente bem,Áudio A,Áudio B,Áudio B,Áudio B,Áudio A,Áudio A,Áudio B,Áudio B,Áudio B,Ambos soam igualmente bem,Áudio B,Áudio B,Áudio A,Áudio A,Ambos aparentam ter sotaque paraibano,Áudio B,Áudio A,Ambos soam igualmente bem,Ambos aparentam ter sotaque paraibano,Ambos soam igualmente bem,Ambos aparentam ter sotaque paraibano,Áudio B,Ambos aparentam ter sotaque paraibano,Áudio A,Áudio A,Áudio B,Ambos aparentam ter sotaque paraibano,Ambos soam igualmente bem,Ambos aparentam ter sotaque paraibano,Áudio A,Áudio B,Áudio B,Áudio A,Áudio A
15/06/2026 11:55:31,Aceito os Termos de Consentimento,"Não, mas sou familiarizado(a) com sotaques nordestinos.",Áudio B,Ambos soam igualmente bem,Áudio A,Ambos soam igualmente bem,Não consigo distinguir,Não consigo distinguir,Não consigo distinguir,Ambos soam igualmente bem,Não consigo distinguir,Não consigo distinguir,Ambos aparentam ter sotaque paraibano,Áudio B,Não consigo distinguir,Não consigo distinguir,Ambos aparentam ter sotaque paraibano,Não consigo distinguir,Áudio B,Áudio A,Ambos aparentam ter sotaque paraibano,Áudio A,Ambos aparentam ter sotaque paraibano,Áudio A,Áudio A,Áudio B,Não consigo distinguir,Não consigo distinguir,Ambos aparentam ter sotaque paraibano,Não consigo distinguir,Áudio A,Áudio B,Não consigo distinguir,Áudio A,Ambos aparentam ter sotaque paraibano,Áudio B,Ambos aparentam ter sotaque paraibano,Áudio A
15/06/2026 12:41:08,Aceito os Termos de Consentimento,"Não, mas sou familiarizado(a) com sotaques nordestinos.",Áudio B,Ambos soam igualmente bem,Áudio A,Ambos soam igualmente bem,Áudio B,Ambos soam igualmente bem,Áudio B,Ambos soam igualmente bem,Áudio A,Áudio B,Áudio B,Ambos soam igualmente bem,Áudio B,Ambos soam igualmente bem,Áudio A,Áudio B,Áudio B,Áudio A,Áudio A,Áudio A,Áudio B,Áudio A,Áudio A,Áudio B,Áudio B,Áudio A,Áudio A,Áudio B,Áudio A,Áudio B,Áudio B,Ambos soam igualmente bem,Áudio B,Áudio A,Áudio B,Áudio A
15/06/2026 12:43:57,Aceito os Termos de Consentimento,Sou da paraíba,Áudio B,Áudio A,Áudio A,Áudio B,Áudio B,Áudio A,Áudio A,Áudio A,Áudio B,Áudio B,Não consigo distinguir,Áudio A,Áudio B,Áudio A,Áudio A,Áudio B,Áudio B,Áudio B,Áudio A,Áudio B,Áudio A,Áudio A,Não consigo distinguir,Áudio A,Áudio A,Áudio A,Áudio A,Áudio B,Áudio A,Áudio B,Áudio A,Áudio A,Áudio A,Áudio A,Áudio A,Áudio A
15/06/2026 12:52:29,Aceito os Termos de Consentimento,"Não, mas sou familiarizado(a) com sotaques nordestinos.",Áudio B,Ambos soam igualmente bem,Ambos aparentam ter sotaque paraibano,Áudio B,Áudio B,Ambos soam igualmente bem,Ambos aparentam ter sotaque paraibano,Ambos soam igualmente bem,Áudio B,Áudio B,Áudio B,Ambos soam igualmente bem,Áudio B,Ambos soam igualmente bem,Áudio B,Áudio B,Áudio B,Ambos soam igualmente bem,Áudio A,Ambos soam igualmente bem,Ambos aparentam ter sotaque paraibano,Ambos soam igualmente bem,Ambos aparentam ter sotaque paraibano,Ambos soam igualmente bem,Áudio A,Áudio A,Ambos aparentam ter sotaque paraibano,Áudio A,Ambos aparentam ter sotaque paraibano,Áudio A,Ambos aparentam ter sotaque paraibano,Áudio A,Ambos aparentam ter sotaque paraibano,Áudio B,Ambos aparentam ter sotaque paraibano,Áudio A
15/06/2026 12:55:18,Aceito os Termos de Consentimento,"Não, mas sou familiarizado(a) com sotaques nordestinos.",Áudio B,Áudio A,Áudio A,Áudio B,Áudio B,Ambos soam igualmente bem,Áudio A,Áudio B,Áudio A,Ambos soam igualmente bem,Áudio B,Ambos soam igualmente bem,Áudio B,Áudio A,Áudio A,Áudio B,Áudio B,Áudio A,Áudio B,Ambos soam igualmente bem,Áudio B,Áudio A,Áudio A,Ambos soam igualmente bem,Áudio B,Áudio A,Áudio A,Áudio B,Áudio A,Ambos soam igualmente bem,Áudio B,Ambos soam igualmente bem,Áudio B,Ambos soam igualmente bem,Áudio B,Áudio A
15/06/2026 13:15:35,Aceito os Termos de Consentimento,"Não, mas sou familiarizado(a) com sotaques nordestinos.",Áudio A,Áudio A,Áudio A,Áudio A,Áudio A,Áudio A,Áudio A,Áudio A,Áudio B,Áudio B,Áudio B,Áudio B,Áudio B,Áudio B,Áudio B,Áudio B,Áudio B,Áudio B,Áudio A,Áudio A,Áudio B,Áudio B,Áudio B,Áudio B,Áudio A,Áudio A,Áudio A,Áudio A,Áudio A,Áudio A,Áudio B,Áudio A,Áudio A,Áudio A,Áudio A,Áudio A
15/06/2026 13:22:14,Aceito os Termos de Consentimento,"Não, mas sou familiarizado(a) com sotaques nordestinos.",Áudio B,Ambos soam igualmente bem,Ambos aparentam ter sotaque paraibano,Áudio B,Áudio A,Áudio A,Ambos aparentam ter sotaque paraibano,Áudio A,Áudio B,Ambos soam igualmente bem,Áudio B,Áudio A,Áudio B,Áudio A,Não consigo distinguir,Áudio A,Não consigo distinguir,Não consigo distinguir,Áudio A,Áudio A,Áudio A,Áudio A,Áudio A,Áudio B,Áudio A,Áudio A,Áudio A,Áudio A,Áudio A,Áudio A,Áudio A,Áudio A,Áudio A,Áudio A,Áudio A,Áudio A
15/06/2026 14:29:06,Aceito os Termos de Consentimento,"Não, tenho pouca ou nenhuma familiaridade.",Áudio B,Áudio B,Áudio A,Áudio A,Áudio B,Áudio B,Áudio A,Áudio A,Ambos aparentam ter sotaque paraibano,Ambos soam igualmente bem,Áudio B,Áudio B,Áudio B,Áudio B,Áudio A,Áudio A,Áudio B,Áudio B,Áudio B,Áudio B,Áudio A,Áudio B,Áudio B,Áudio A,Áudio B,Áudio B,Áudio B,Áudio B,Áudio A,Áudio A,Áudio A,Áudio B,Ambos aparentam ter sotaque paraibano,Ambos soam igualmente bem,Ambos aparentam ter sotaque paraibano,Ambos soam igualmente bem
15/06/2026 14:34:39,Aceito os Termos de Consentimento,"Não, mas sou Sou familiarizado(a) com o sotaque paraibano.",Áudio B,Áudio B,Áudio A,Áudio A,Áudio B,Áudio B,Áudio A,Áudio A,Áudio B,Áudio B,Áudio B,Áudio B,Áudio B,Áudio B,Áudio A,Áudio A,Áudio B,Áudio B,Áudio A,Áudio A,Áudio A,Áudio A,Áudio A,Áudio A,Áudio A,Áudio A,Áudio A,Áudio A,Áudio A,Áudio A,Áudio A,Áudio A,Áudio A,Áudio A,Áudio A,Áudio A
15/06/2026 14:39:19,Aceito os Termos de Consentimento,"Não, mas sou Sou familiarizado(a) com o sotaque paraibano.",Áudio B,Áudio B,Áudio A,Áudio A,Áudio B,Áudio B,Áudio A,Áudio A,Áudio B,Áudio B,Áudio B,Áudio B,Áudio B,Áudio B,Áudio A,Áudio A,Áudio B,Áudio B,Áudio A,Áudio A,Áudio A,Áudio A,Áudio A,Áudio A,Áudio A,Áudio A,Áudio A,Áudio A,Áudio A,Áudio A,Áudio A,Áudio A,Áudio A,Áudio A,Áudio A,Áudio A
15/06/2026 14:40:56,Aceito os Termos de Consentimento,"Não, mas sou familiarizado(a) com sotaques nordestinos.",Áudio B,Áudio B,Áudio A,Áudio A,Áudio B,Áudio B,Áudio A,Áudio A,Áudio B,Áudio B,Áudio B,Áudio B,Áudio B,Áudio B,Áudio A,Áudio A,Áudio B,Áudio B,Áudio A,Áudio A,Áudio A,Áudio A,Áudio A,Áudio A,Áudio A,Áudio A,Áudio A,Áudio A,Áudio A,Áudio A,Áudio A,Áudio A,Áudio A,Áudio A,Áudio A,Áudio A
15/06/2026 17:04:23,Aceito os Termos de Consentimento,Sou da paraíba,Áudio B,Áudio B,Ambos aparentam ter sotaque paraibano,Ambos soam igualmente bem,Áudio B,Áudio B,Áudio A,Áudio A,Áudio B,Áudio B,Áudio B,Áudio B,Áudio B,Áudio A,Áudio A,Áudio B,Áudio B,Áudio A,Ambos aparentam ter sotaque paraibano,Ambos soam igualmente bem,Áudio B,Áudio A,Áudio B,Áudio B,Áudio A,Áudio A,Áudio A,Áudio B,Ambos aparentam ter sotaque paraibano,Ambos soam igualmente bem,Áudio A,Áudio A,Áudio A,Áudio A,Áudio A,Áudio A
15/06/2026 19:27:25,Aceito os Termos de Consentimento,"Não, mas sou familiarizado(a) com sotaques nordestinos.",Áudio B,Áudio A,Áudio A,Áudio A,Áudio B,Ambos soam igualmente bem,Áudio A,Áudio A,Não consigo distinguir,Não consigo distinguir,Áudio B,Ambos soam igualmente bem,Áudio B,Áudio A,Áudio A,Áudio A,Áudio B,Áudio A,Ambos aparentam ter sotaque paraibano,Áudio A,Áudio B,Áudio B,Ambos aparentam ter sotaque paraibano,Áudio B,Não consigo distinguir,Áudio A,Áudio A,Áudio B,Ambos aparentam ter sotaque paraibano,Ambos soam igualmente bem,Ambos aparentam ter sotaque paraibano,Áudio A,Ambos aparentam ter sotaque paraibano,Áudio B,Áudio A,Áudio A
15/06/2026 21:50:17,Aceito os Termos de Consentimento,"Não, mas sou familiarizado(a) com sotaques nordestinos.",Áudio B,Áudio A,Áudio A,Ambos soam igualmente bem,Áudio B,Áudio A,Áudio A,Áudio A,Áudio B,Áudio B,Áudio B,Ambos soam igualmente bem,Áudio B,Áudio B,Áudio A,Áudio B,Áudio A,Áudio B,Ambos aparentam ter sotaque paraibano,Áudio A,Áudio B,Áudio B,Ambos aparentam ter sotaque paraibano,Áudio B,Áudio B,Áudio B,Ambos aparentam ter sotaque paraibano,Áudio B,Áudio A,Áudio A,Não consigo distinguir,Áudio B,Áudio B,Áudio B,Áudio B,Áudio B
16/06/2026 12:17:27,Aceito os Termos de Consentimento,Sou da paraíba,Áudio B,Áudio A,Áudio A,Ambos soam igualmente bem,Não consigo distinguir,Áudio A,Áudio A,Ambos soam igualmente bem,Não consigo distinguir,Não consigo distinguir,Áudio B,Ambos soam igualmente bem,Áudio B,Ambos soam igualmente bem,Não consigo distinguir,Não consigo distinguir,Áudio B,Áudio A,Ambos aparentam ter sotaque paraibano,Ambos soam igualmente bem,Ambos aparentam ter sotaque paraibano,Ambos soam igualmente bem,Áudio B,Áudio B,Não consigo distinguir,Ambos soam igualmente bem,Áudio A,Ambos soam igualmente bem,Ambos aparentam ter sotaque paraibano,Ambos soam igualmente bem,Áudio A,Áudio A,Não consigo distinguir,Não consigo distinguir,Áudio A,Áudio A
16/06/2026 14:57:19,Aceito os Termos de Consentimento,"Não, mas sou Sou familiarizado(a) com o sotaque paraibano.",Áudio B,Áudio A,Áudio A,Áudio A,Áudio B,Áudio B,Ambos aparentam ter sotaque paraibano,Ambos soam igualmente bem,Áudio B,Áudio B,Áudio B,Áudio B,Áudio B,Áudio A,Áudio A,Áudio A,Áudio B,Áudio B,Áudio B,Áudio A,Áudio B,Áudio B,Áudio B,Áudio B,Áudio A,Áudio A,Áudio A,Áudio A,Ambos aparentam ter sotaque paraibano,Áudio B,Áudio A,Áudio A,Ambos aparentam ter sotaque paraibano,Áudio A,Áudio A,Áudio A
16/06/2026 23:37:48,Aceito os Termos de Consentimento,"Não, mas sou Sou familiarizado(a) com o sotaque paraibano.",Áudio B,Áudio A,Áudio A,Ambos soam igualmente bem,Áudio B,Ambos soam igualmente bem,Áudio A,Ambos soam igualmente bem,Não consigo distinguir,Ambos soam igualmente bem,Áudio B,Ambos soam igualmente bem,Áudio B,Ambos soam igualmente bem,Não consigo distinguir,Não consigo distinguir,Áudio B,Áudio B,Áudio A,Áudio A,Ambos aparentam ter sotaque paraibano,Áudio B,Áudio A,Ambos soam igualmente bem,Não consigo distinguir,Áudio A,Áudio A,Áudio A,Áudio A,Áudio A,Áudio A,Áudio A,Ambos aparentam ter sotaque paraibano,Áudio A,Áudio A,Áudio A
16/06/2026 23:40:20,Aceito os Termos de Consentimento,"Não, mas sou Sou familiarizado(a) com o sotaque paraibano.",Áudio B,Ambos soam igualmente bem,Áudio A,Áudio A,Áudio B,Áudio B,Áudio A,Ambos soam igualmente bem,Áudio B,Áudio B,Áudio B,Áudio B,Áudio B,Não consigo distinguir,Áudio A,Não consigo distinguir,Áudio B,Áudio B,Áudio A,Áudio A,Áudio B,Áudio B,Ambos aparentam ter sotaque paraibano,Áudio B,Ambos aparentam ter sotaque paraibano,Áudio A,Ambos aparentam ter sotaque paraibano,Áudio B,Ambos aparentam ter sotaque paraibano,Ambos soam igualmente bem,Ambos aparentam ter sotaque paraibano,Áudio A,Ambos aparentam ter sotaque paraibano,Áudio A,Áudio A,Áudio A
17/06/2026 00:23:46,Aceito os Termos de Consentimento,Sou da paraíba,Áudio B,Ambos soam igualmente bem,Áudio A,Áudio B,Ambos aparentam ter sotaque paraibano,Áudio A,Áudio A,Áudio B,Áudio B,Áudio B,Áudio B,Ambos soam igualmente bem,Áudio B,Ambos soam igualmente bem,Não consigo distinguir,Áudio B,Áudio B,Ambos soam igualmente bem,Ambos aparentam ter sotaque paraibano,Ambos soam igualmente bem,Ambos aparentam ter sotaque paraibano,Ambos soam igualmente bem,Ambos aparentam ter sotaque paraibano,Áudio B,Áudio A,Áudio A,Áudio A,Áudio B,Áudio A,Áudio A,Ambos aparentam ter sotaque paraibano,Áudio A,Áudio A,Áudio B,Áudio A,Áudio A
18/06/2026 09:52:39,Aceito os Termos de Consentimento,Sou da paraíba,Áudio B,Áudio A,Áudio A,Áudio B,Áudio B,Ambos soam igualmente bem,Áudio A,Ambos soam igualmente bem,Áudio B,Áudio B,Áudio B,Ambos soam igualmente bem,Áudio B,Ambos soam igualmente bem,Áudio A,Áudio A,Áudio B,Áudio B,Áudio A,Áudio A,Áudio B,Não consigo distinguir,Áudio B,Áudio B,Áudio A,Áudio A,Áudio A,Áudio A,Áudio A,Ambos soam igualmente bem,Áudio A,Ambos soam igualmente bem,Áudio A,Ambos soam igualmente bem,Áudio A,Áudio A
18/06/2026 22:07:26,Aceito os Termos de Consentimento,"Não, mas sou familiarizado(a) com sotaques nordestinos.",Áudio B,Áudio A,Áudio A,Áudio B,Áudio B,Áudio A,Áudio A,Áudio B,Ambos aparentam ter sotaque paraibano,Áudio B,Ambos aparentam ter sotaque paraibano,Áudio A,Áudio B,Áudio A,Áudio A,Não consigo distinguir,Áudio B,Não consigo distinguir,Ambos aparentam ter sotaque paraibano,Não consigo distinguir,Ambos aparentam ter sotaque paraibano,Não consigo distinguir,Ambos aparentam ter sotaque paraibano,Ambos soam igualmente bem,Ambos aparentam ter sotaque paraibano,Áudio A,Áudio A,Áudio B,Áudio A,Ambos soam igualmente bem,Ambos aparentam ter sotaque paraibano,Não consigo distinguir,Ambos aparentam ter sotaque paraibano,Áudio B,Ambos aparentam ter sotaque paraibano,Não consigo distinguir
19/06/2026 14:25:33,Li o TCLE e concordo voluntariamente em participar desta pesquisa.,"Não, mas sou familiarizado(a) com sotaques nordestinos.",Áudio B,Áudio B,Ambos aparentam ter sotaque paraibano,Áudio A,Áudio B,Áudio B,Áudio A,Áudio A,Áudio B,Áudio B,Áudio B,Ambos soam igualmente bem,Áudio B,Ambos soam igualmente bem,Áudio A,Ambos soam igualmente bem,Áudio B,Ambos soam igualmente bem,Áudio A,Áudio A,Áudio A,Ambos soam igualmente bem,Ambos aparentam ter sotaque paraibano,Ambos soam igualmente bem,Ambos aparentam ter sotaque paraibano,Ambos soam igualmente bem,Ambos aparentam ter sotaque paraibano,Ambos soam igualmente bem,Ambos aparentam ter sotaque paraibano,Ambos soam igualmente bem,Ambos aparentam ter sotaque paraibano,Ambos soam igualmente bem,Áudio A,Ambos soam igualmente bem,Ambos aparentam ter sotaque paraibano,Ambos soam igualmente bem